IDX,ID,Anho,Mes,Descripcion,Total
0,200401,2004,1,Astorga,58
1,200401,2004,1,Cebreiro,240
2,200401,2004,1,León,46
3,200401,2004,1,Madrid - V.P.,34
4,200401,2004,1,Pamplona,30
5,200401,2004,1,Ponferrada,98
6,200401,2004,1,Resto,248
7,200401,2004,1,Roncesvalles,62
8,200401,2004,1,S. Jean P. Port,60
9,200401,2004,1,Sarria,304
10,200401,2004,1,Vilafranca,106
11,200402,2004,2,Astorga,68
12,200402,2004,2,Cebreiro,334
13,200402,2004,2,Ferrol,68
14,200402,2004,2,León,116
15,200402,2004,2,Ponferrada,100
16,200402,2004,2,Resto,552
17,200402,2004,2,Roncesvalles,166
18,200402,2004,2,S. Jean P. Port,80
19,200402,2004,2,Sarria,1026
20,200402,2004,2,Tui,234
21,200402,2004,2,Vilafranca,58
22,200403,2004,3,Astorga,254
23,200403,2004,3,Cebreiro,1152
24,200403,2004,3,Ferrol,184
25,200403,2004,3,León,308
26,200403,2004,3,Ponferrada,290
27,200403,2004,3,Resto,1204
28,200403,2004,3,Roncesvalles,436
29,200403,2004,3,S. Jean P. Port,120
30,200403,2004,3,Sarria,1484
31,200403,2004,3,Tui,650
32,200403,2004,3,Vilafranca,128
33,200404,2004,4,Astorga,1018
34,200404,2004,4,Cebreiro,4724
35,200404,2004,4,León,1210
36,200404,2004,4,Ourense,928
37,200404,2004,4,Ponferrada,1514
38,200404,2004,4,Resto,5666
39,200404,2004,4,Roncesvalles,1566
40,200404,2004,4,S. Jean P. Port,784
41,200404,2004,4,Sarria,9702
42,200404,2004,4,Tui,2924
43,200404,2004,4,Vilafranca,1072
44,200405,2004,5,Astorga,1146
45,200405,2004,5,Burgos,830
46,200405,2004,5,Cebreiro,4080
47,200405,2004,5,León,2040
48,200405,2004,5,Pamplona,920
49,200405,2004,5,Ponferrada,1618
50,200405,2004,5,Resto,9454
51,200405,2004,5,Roncesvalles,3096
52,200405,2004,5,S. Jean P. Port,2722
53,200405,2004,5,Sarria,5658
54,200405,2004,5,Tui,2156
55,200406,2004,6,Astorga,1462
56,200406,2004,6,Cebreiro,4932
57,200406,2004,6,León,1822
58,200406,2004,6,Pamplona,966
59,200406,2004,6,Ponferrada,1804
60,200406,2004,6,Resto,11516
61,200406,2004,6,Roncesvalles,3896
62,200406,2004,6,S. Jean P. Port,3378
63,200406,2004,6,Sarria,6628
64,200406,2004,6,Tui,1338
65,200406,2004,6,Vilafranca,848
66,200407,2004,7,Astorga,3476
67,200407,2004,7,Cebreiro,7370
68,200407,2004,7,León,3634
69,200407,2004,7,Ponferrada,5336
70,200407,2004,7,Resto,17344
71,200407,2004,7,Roncesvalles,4054
72,200407,2004,7,S. Jean P. Port,2530
73,200407,2004,7,Sarria,12542
74,200407,2004,7,Triacastela,1068
75,200407,2004,7,Tui,4180
76,200407,2004,7,Vilafranca,2248
77,200408,2004,8,Astorga,3120
78,200408,2004,8,Cebreiro,8028
79,200408,2004,8,León,4698
80,200408,2004,8,Ourense,6358
81,200408,2004,8,Oviedo - C.P.,5290
82,200408,2004,8,Ponferrada,5690
83,200408,2004,8,Resto,24802
84,200408,2004,8,Roncesvalles,5960
85,200408,2004,8,S. Jean P. Port,3286
86,200408,2004,8,Sarria,18940
87,200408,2004,8,Tui,5030
88,200409,2004,9,Astorga,1954
89,200409,2004,9,Cebreiro,4630
90,200409,2004,9,León,2722
91,200409,2004,9,Pamplona,1102
92,200409,2004,9,Ponferrada,2924
93,200409,2004,9,Resto,11290
94,200409,2004,9,Roncesvalles,3572
95,200409,2004,9,S. Jean P. Port,2576
96,200409,2004,9,Sarria,11576
97,200409,2004,9,Tui,2062
98,200409,2004,9,Vilafranca,1096
99,200410,2004,10,Astorga,950
100,200410,2004,10,Cebreiro,2894
101,200410,2004,10,Le Puy,672
102,200410,2004,10,León,1404
103,200410,2004,10,Ourense,816
104,200410,2004,10,Ponferrada,1370
105,200410,2004,10,Resto,7152
106,200410,2004,10,Roncesvalles,2398
107,200410,2004,10,S. Jean P. Port,2394
108,200410,2004,10,Sarria,7692
109,200410,2004,10,Tui,1370
110,200411,2004,11,Astorga,244
111,200411,2004,11,Cebreiro,1532
112,200411,2004,11,Le Puy,196
113,200411,2004,11,León,302
114,200411,2004,11,Ponferrada,318
115,200411,2004,11,Resto,2432
116,200411,2004,11,Roncesvalles,646
117,200411,2004,11,S. Jean P. Port,542
118,200411,2004,11,Sarria,1966
119,200411,2004,11,Triacastela,146
120,200411,2004,11,Tui,496
121,200412,2004,12,Astorga,128
122,200412,2004,12,Cebreiro,1474
123,200412,2004,12,Ferrol,144
124,200412,2004,12,León,258
125,200412,2004,12,Oviedo - C.P.,144
126,200412,2004,12,Ponferrada,222
127,200412,2004,12,Resto,1718
128,200412,2004,12,Roncesvalles,362
129,200412,2004,12,S. Jean P. Port,208
130,200412,2004,12,Sarria,1964
131,200412,2004,12,Tui,982
132,200501,2005,1,Astorga,18
133,200501,2005,1,Burgos,18
134,200501,2005,1,Cebreiro,66
135,200501,2005,1,León,56
136,200501,2005,1,Pamplona,16
137,200501,2005,1,Ponferrada,28
138,200501,2005,1,Resto,160
139,200501,2005,1,Roncesvalles,22
140,200501,2005,1,S. Jean P. Port,44
141,200501,2005,1,Sarria,84
142,200501,2005,1,Tui,26
143,200502,2005,2,Braga,24
144,200502,2005,2,Burgos,36
145,200502,2005,2,Cebreiro,462
146,200502,2005,2,León,46
147,200502,2005,2,Pamplona,20
148,200502,2005,2,Ponferrada,54
149,200502,2005,2,Resto,180
150,200502,2005,2,Roncesvalles,42
151,200502,2005,2,S. Jean P. Port,44
152,200502,2005,2,Sarria,162
153,200502,2005,2,Tui,60
154,200503,2005,3,Astorga,278
155,200503,2005,3,Cebreiro,790
156,200503,2005,3,León,256
157,200503,2005,3,Lugo - C.P.,138
158,200503,2005,3,Ponferrada,296
159,200503,2005,3,Resto,1492
160,200503,2005,3,Roncesvalles,342
161,200503,2005,3,Sarria,2004
162,200503,2005,3,Tui,266
163,200503,2005,3,Valença do Minho,196
164,200503,2005,3,Vilafranca,184
165,200504,2005,4,Astorga,284
166,200504,2005,4,Cebreiro,510
167,200504,2005,4,León,458
168,200504,2005,4,Ponferrada,380
169,200504,2005,4,Resto,1956
170,200504,2005,4,Roncesvalles,530
171,200504,2005,4,S. Jean P. Port,474
172,200504,2005,4,Sarria,1212
173,200504,2005,4,Tui,292
174,200504,2005,4,Valença do Minho,302
175,200504,2005,4,Vilafranca,216
176,200505,2005,5,Astorga,622
177,200505,2005,5,Burgos,622
178,200505,2005,5,Cebreiro,1168
179,200505,2005,5,Le Puy,676
180,200505,2005,5,León,1356
181,200505,2005,5,Pamplona,1026
182,200505,2005,5,Ponferrada,1026
183,200505,2005,5,Resto,5664
184,200505,2005,5,Roncesvalles,1694
185,200505,2005,5,S. Jean P. Port,2668
186,200505,2005,5,Sarria,2098
187,200506,2005,6,Astorga,972
188,200506,2005,6,Cebreiro,1224
189,200506,2005,6,Francia - C.F.,788
190,200506,2005,6,Le Puy,1044
191,200506,2005,6,León,1768
192,200506,2005,6,Pamplona,1266
193,200506,2005,6,Ponferrada,1156
194,200506,2005,6,Resto,7542
195,200506,2005,6,Roncesvalles,2998
196,200506,2005,6,S. Jean P. Port,3804
197,200506,2005,6,Sarria,2676
198,200507,2005,7,Astorga,2482
199,200507,2005,7,Burgos,954
200,200507,2005,7,Cebreiro,3274
201,200507,2005,7,León,2552
202,200507,2005,7,Pamplona,1028
203,200507,2005,7,Ponferrada,2718
204,200507,2005,7,Resto,10976
205,200507,2005,7,Roncesvalles,3128
206,200507,2005,7,S. Jean P. Port,2726
207,200507,2005,7,Sarria,6674
208,200507,2005,7,Tui,1096
209,200508,2005,8,Astorga,2288
210,200508,2005,8,Burgos,1396
211,200508,2005,8,Cebreiro,4244
212,200508,2005,8,León,3594
213,200508,2005,8,Ponferrada,3856
214,200508,2005,8,Resto,12820
215,200508,2005,8,Roncesvalles,5412
216,200508,2005,8,S. Jean P. Port,4068
217,200508,2005,8,Sarria,8858
218,200508,2005,8,Tui,1638
219,200508,2005,8,Vilafranca,1488
220,200509,2005,9,Astorga,1164
221,200509,2005,9,Burgos,776
222,200509,2005,9,Cebreiro,2238
223,200509,2005,9,Le Puy,656
224,200509,2005,9,León,2092
225,200509,2005,9,Pamplona,912
226,200509,2005,9,Ponferrada,1514
227,200509,2005,9,Resto,6232
228,200509,2005,9,Roncesvalles,2380
229,200509,2005,9,S. Jean P. Port,2726
230,200509,2005,9,Sarria,3646
231,200510,2005,10,Astorga,378
232,200510,2005,10,Cebreiro,646
233,200510,2005,10,Francia - C.F.,406
234,200510,2005,10,Le Puy,626
235,200510,2005,10,León,976
236,200510,2005,10,Pamplona,568
237,200510,2005,10,Ponferrada,802
238,200510,2005,10,Resto,3598
239,200510,2005,10,Roncesvalles,1494
240,200510,2005,10,S. Jean P. Port,2386
241,200510,2005,10,Sarria,1866
242,200511,2005,11,Astorga,86
243,200511,2005,11,Burgos,84
244,200511,2005,11,Cebreiro,154
245,200511,2005,11,Francia - C.F.,106
246,200511,2005,11,Le Puy,114
247,200511,2005,11,León,128
248,200511,2005,11,Pamplona,112
249,200511,2005,11,Resto,884
250,200511,2005,11,Roncesvalles,304
251,200511,2005,11,S. Jean P. Port,552
252,200511,2005,11,Sarria,252
253,200512,2005,12,Cebreiro,98
254,200512,2005,12,Ferrol,78
255,200512,2005,12,Fonsagrada - C.P.,40
256,200512,2005,12,León,70
257,200512,2005,12,Ourense,40
258,200512,2005,12,Ponferrada,64
259,200512,2005,12,Resto,488
260,200512,2005,12,Roncesvalles,114
261,200512,2005,12,S. Jean P. Port,102
262,200512,2005,12,Sarria,188
263,200512,2005,12,Tui,54
264,200601,2006,1,Astorga,26
265,200601,2006,1,Burgos,26
266,200601,2006,1,Cebreiro,70
267,200601,2006,1,León,50
268,200601,2006,1,Ponferrada,34
269,200601,2006,1,Resto,204
270,200601,2006,1,Roncesvalles,58
271,200601,2006,1,S. Jean P. Port,28
272,200601,2006,1,Sarria,102
273,200601,2006,1,Valença do Minho,22
274,200601,2006,1,Vilafranca,28
275,200602,2006,2,Astorga,32
276,200602,2006,2,Burgos,20
277,200602,2006,2,Cebreiro,88
278,200602,2006,2,León,24
279,200602,2006,2,Ponferrada,28
280,200602,2006,2,Resto,158
281,200602,2006,2,Roncesvalles,54
282,200602,2006,2,S. Jean P. Port,28
283,200602,2006,2,Samos,18
284,200602,2006,2,Sarria,220
285,200602,2006,2,Valença do Minho,32
286,200603,2006,3,Astorga,72
287,200603,2006,3,Cebreiro,218
288,200603,2006,3,León,196
289,200603,2006,3,Pamplona,60
290,200603,2006,3,Ponferrada,100
291,200603,2006,3,Resto,572
292,200603,2006,3,Roncesvalles,112
293,200603,2006,3,S. Jean P. Port,120
294,200603,2006,3,Sarria,596
295,200603,2006,3,Triacastela,76
296,200603,2006,3,Vilafranca,70
297,200604,2006,4,Astorga,432
298,200604,2006,4,Cebreiro,1158
299,200604,2006,4,León,698
300,200604,2006,4,Oporto,402
301,200604,2006,4,Ponferrada,956
302,200604,2006,4,Resto,4426
303,200604,2006,4,Roncesvalles,858
304,200604,2006,4,S. Jean P. Port,646
305,200604,2006,4,Sarria,4116
306,200604,2006,4,Tui,714
307,200604,2006,4,Valença do Minho,496
308,200605,2006,5,Astorga,880
309,200605,2006,5,Burgos,706
310,200605,2006,5,Cebreiro,1032
311,200605,2006,5,Le Puy,914
312,200605,2006,5,León,1394
313,200605,2006,5,Pamplona,930
314,200605,2006,5,Ponferrada,878
315,200605,2006,5,Resto,6212
316,200605,2006,5,Roncesvalles,1722
317,200605,2006,5,S. Jean P. Port,3152
318,200605,2006,5,Sarria,2474
319,200606,2006,6,Astorga,926
320,200606,2006,6,Cebreiro,1334
321,200606,2006,6,Francia - C.F.,786
322,200606,2006,6,Le Puy,1156
323,200606,2006,6,León,1748
324,200606,2006,6,Pamplona,1258
325,200606,2006,6,Ponferrada,1086
326,200606,2006,6,Resto,7896
327,200606,2006,6,Roncesvalles,2822
328,200606,2006,6,S. Jean P. Port,4262
329,200606,2006,6,Sarria,2748
330,200607,2006,7,Astorga,2052
331,200607,2006,7,Burgos,872
332,200607,2006,7,Cebreiro,2674
333,200607,2006,7,León,2574
334,200607,2006,7,Ponferrada,2332
335,200607,2006,7,Resto,12888
336,200607,2006,7,Roncesvalles,3146
337,200607,2006,7,S. Jean P. Port,2738
338,200607,2006,7,Sarria,6140
339,200607,2006,7,Tui,1000
340,200607,2006,7,Vilafranca,1024
341,200608,2006,8,Astorga,2170
342,200608,2006,8,Burgos,1446
343,200608,2006,8,Cebreiro,3970
344,200608,2006,8,León,3998
345,200608,2006,8,Pamplona,1450
346,200608,2006,8,Ponferrada,3762
347,200608,2006,8,Resto,15104
348,200608,2006,8,Roncesvalles,5442
349,200608,2006,8,S. Jean P. Port,4262
350,200608,2006,8,Sarria,9458
351,200608,2006,8,Vilafranca,1304
352,200609,2006,9,Astorga,1262
353,200609,2006,9,Burgos,1040
354,200609,2006,9,Cebreiro,1642
355,200609,2006,9,Le Puy,928
356,200609,2006,9,León,2084
357,200609,2006,9,Pamplona,1080
358,200609,2006,9,Ponferrada,1654
359,200609,2006,9,Resto,7652
360,200609,2006,9,Roncesvalles,2418
361,200609,2006,9,S. Jean P. Port,3124
362,200609,2006,9,Sarria,4056
363,200610,2006,10,Astorga,498
364,200610,2006,10,Cebreiro,716
365,200610,2006,10,Francia - C.F.,438
366,200610,2006,10,Le Puy,788
367,200610,2006,10,León,928
368,200610,2006,10,Pamplona,660
369,200610,2006,10,Ponferrada,676
370,200610,2006,10,Resto,4230
371,200610,2006,10,Roncesvalles,1504
372,200610,2006,10,S. Jean P. Port,2802
373,200610,2006,10,Sarria,2160
374,200611,2006,11,Cebreiro,206
375,200611,2006,11,Le Puy,210
376,200611,2006,11,León,146
377,200611,2006,11,Pamplona,144
378,200611,2006,11,Ponferrada,176
379,200611,2006,11,Resto,1148
380,200611,2006,11,Ribadeo,110
381,200611,2006,11,Roncesvalles,342
382,200611,2006,11,S. Jean P. Port,568
383,200611,2006,11,Sarria,354
384,200611,2006,11,Somport,106
385,200612,2006,12,Astorga,52
386,200612,2006,12,Cebreiro,166
387,200612,2006,12,Le Puy,44
388,200612,2006,12,León,62
389,200612,2006,12,Ponferrada,88
390,200612,2006,12,Resto,456
391,200612,2006,12,Roncesvalles,246
392,200612,2006,12,S. Jean P. Port,144
393,200612,2006,12,Sarria,276
394,200612,2006,12,Tui,118
395,200612,2006,12,Vilafranca,44
396,200701,2007,1,Astorga,38
397,200701,2007,1,Cebreiro,50
398,200701,2007,1,León,52
399,200701,2007,1,Oviedo - C.P.,16
400,200701,2007,1,Pamplona,28
401,200701,2007,1,Ponferrada,56
402,200701,2007,1,Resto,170
403,200701,2007,1,Roncesvalles,70
404,200701,2007,1,S. Jean P. Port,80
405,200701,2007,1,Sarria,124
406,200701,2007,1,Tui,16
407,200702,2007,2,Cebreiro,234
408,200702,2007,2,León,88
409,200702,2007,2,Ponferrada,58
410,200702,2007,2,Resto,306
411,200702,2007,2,Roncesvalles,58
412,200702,2007,2,S. Jean P. Port,50
413,200702,2007,2,Sarria,284
414,200702,2007,2,Triacastela,82
415,200702,2007,2,Tui,60
416,200702,2007,2,Valença do Minho,54
417,200702,2007,2,Vilalba,56
418,200703,2007,3,Burgos,92
419,200703,2007,3,Cebreiro,412
420,200703,2007,3,León,258
421,200703,2007,3,Pamplona,100
422,200703,2007,3,Ponferrada,142
423,200703,2007,3,Resto,990
424,200703,2007,3,Roncesvalles,180
425,200703,2007,3,S. Jean P. Port,200
426,200703,2007,3,Samos,90
427,200703,2007,3,Sarria,720
428,200703,2007,3,Triacastela,176
429,200704,2007,4,Astorga,516
430,200704,2007,4,Cebreiro,1096
431,200704,2007,4,Le Puy,472
432,200704,2007,4,León,1022
433,200704,2007,4,Pamplona,458
434,200704,2007,4,Ponferrada,784
435,200704,2007,4,Resto,5454
436,200704,2007,4,Roncesvalles,918
437,200704,2007,4,S. Jean P. Port,1176
438,200704,2007,4,Sarria,3690
439,200704,2007,4,Tui,644
440,200705,2007,5,Astorga,980
441,200705,2007,5,Burgos,800
442,200705,2007,5,Cebreiro,1370
443,200705,2007,5,Le Puy,1152
444,200705,2007,5,León,1852
445,200705,2007,5,Pamplona,1372
446,200705,2007,5,Ponferrada,882
447,200705,2007,5,Resto,7908
448,200705,2007,5,Roncesvalles,2020
449,200705,2007,5,S. Jean P. Port,4120
450,200705,2007,5,Sarria,3392
451,200706,2007,6,Astorga,1026
452,200706,2007,6,Burgos,888
453,200706,2007,6,Cebreiro,1552
454,200706,2007,6,Le Puy,1122
455,200706,2007,6,León,1998
456,200706,2007,6,Pamplona,1408
457,200706,2007,6,Ponferrada,1188
458,200706,2007,6,Resto,9314
459,200706,2007,6,Roncesvalles,2670
460,200706,2007,6,S. Jean P. Port,5484
461,200706,2007,6,Sarria,3714
462,200707,2007,7,Astorga,2204
463,200707,2007,7,Burgos,1078
464,200707,2007,7,Cebreiro,2698
465,200707,2007,7,León,2470
466,200707,2007,7,Pamplona,990
467,200707,2007,7,Ponferrada,2508
468,200707,2007,7,Resto,14146
469,200707,2007,7,Roncesvalles,2822
470,200707,2007,7,S. Jean P. Port,3640
471,200707,2007,7,Sarria,6412
472,200707,2007,7,Tui,1344
473,200708,2007,8,Astorga,1930
474,200708,2007,8,Burgos,1258
475,200708,2007,8,Cebreiro,4010
476,200708,2007,8,León,4006
477,200708,2007,8,Pamplona,1468
478,200708,2007,8,Ponferrada,3736
479,200708,2007,8,Resto,15986
480,200708,2007,8,Roncesvalles,4898
481,200708,2007,8,S. Jean P. Port,4966
482,200708,2007,8,Sarria,10668
483,200708,2007,8,Tui,1652
484,200709,2007,9,Astorga,1402
485,200709,2007,9,Burgos,822
486,200709,2007,9,Cebreiro,1924
487,200709,2007,9,Le Puy,876
488,200709,2007,9,León,2260
489,200709,2007,9,Pamplona,1062
490,200709,2007,9,Ponferrada,1772
491,200709,2007,9,Resto,9080
492,200709,2007,9,Roncesvalles,2308
493,200709,2007,9,S. Jean P. Port,3872
494,200709,2007,9,Sarria,5186
495,200710,2007,10,Astorga,362
496,200710,2007,10,Cebreiro,513
497,200710,2007,10,Francia - C.F.,229
498,200710,2007,10,Le Puy,393
499,200710,2007,10,León,589
500,200710,2007,10,Pamplona,342
501,200710,2007,10,Ponferrada,393
502,200710,2007,10,Resto,2688
503,200710,2007,10,Roncesvalles,772
504,200710,2007,10,S. Jean P. Port,1804
505,200710,2007,10,Sarria,1358
506,200711,2007,11,Cebreiro,115
507,200711,2007,11,Le Puy,92
508,200711,2007,11,León,87
509,200711,2007,11,Oporto,95
510,200711,2007,11,Oviedo - C.P.,73
511,200711,2007,11,Pamplona,77
512,200711,2007,11,Ponferrada,89
513,200711,2007,11,Resto,805
514,200711,2007,11,Roncesvalles,215
515,200711,2007,11,S. Jean P. Port,390
516,200711,2007,11,Sarria,458
517,200712,2007,12,Astorga,29
518,200712,2007,12,Cebreiro,92
519,200712,2007,12,León,34
520,200712,2007,12,Ponferrada,24
521,200712,2007,12,Resto,268
522,200712,2007,12,Ribadeo,30
523,200712,2007,12,Roncesvalles,62
524,200712,2007,12,S. Jean P. Port,77
525,200712,2007,12,Sarria,132
526,200712,2007,12,Tui,20
527,200712,2007,12,Vilafranca,27
528,200801,2008,1,Astorga,18
529,200801,2008,1,Burgos,12
530,200801,2008,1,Cebreiro,26
531,200801,2008,1,León,18
532,200801,2008,1,Oporto,11
533,200801,2008,1,Pamplona,10
534,200801,2008,1,Ponferrada,25
535,200801,2008,1,Resto,92
536,200801,2008,1,Roncesvalles,18
537,200801,2008,1,S. Jean P. Port,20
538,200801,2008,1,Sarria,56
539,200802,2008,2,Cebreiro,146
540,200802,2008,2,León,28
541,200802,2008,2,Ponferrada,25
542,200802,2008,2,Resto,163
543,200802,2008,2,Roncesvalles,37
544,200802,2008,2,S. Jean P. Port,50
545,200802,2008,2,Sarria,125
546,200802,2008,2,Triacastela,34
547,200802,2008,2,Tui,62
548,200802,2008,2,Valença do Minho,18
549,200802,2008,2,Vilafranca,15
550,200803,2008,3,Astorga,168
551,200803,2008,3,Cebreiro,460
552,200803,2008,3,León,194
553,200803,2008,3,Ourense,137
554,200803,2008,3,Ponferrada,254
555,200803,2008,3,Resto,1688
556,200803,2008,3,Roncesvalles,307
557,200803,2008,3,S. Jean P. Port,173
558,200803,2008,3,Sarria,1565
559,200803,2008,3,Tui,227
560,200803,2008,3,Valença do Minho,154
561,200804,2008,4,Astorga,182
562,200804,2008,4,Cebreiro,222
563,200804,2008,4,León,425
564,200804,2008,4,Oporto,283
565,200804,2008,4,Pamplona,218
566,200804,2008,4,Ponferrada,212
567,200804,2008,4,Resto,1707
568,200804,2008,4,Roncesvalles,342
569,200804,2008,4,S. Jean P. Port,557
570,200804,2008,4,Sarria,1339
571,200804,2008,4,Sevilla,161
572,200805,2008,5,Astorga,623
573,200805,2008,5,Cebreiro,669
574,200805,2008,5,Le Puy,506
575,200805,2008,5,León,1157
576,200805,2008,5,Oporto,557
577,200805,2008,5,Pamplona,747
578,200805,2008,5,Ponferrada,692
579,200805,2008,5,Resto,5174
580,200805,2008,5,Roncesvalles,1080
581,200805,2008,5,S. Jean P. Port,2640
582,200805,2008,5,Sarria,2156
583,200806,2008,6,Astorga,474
584,200806,2008,6,Burgos,435
585,200806,2008,6,Cebreiro,814
586,200806,2008,6,Le Puy,546
587,200806,2008,6,León,1111
588,200806,2008,6,Pamplona,794
589,200806,2008,6,Ponferrada,587
590,200806,2008,6,Resto,4767
591,200806,2008,6,Roncesvalles,1451
592,200806,2008,6,S. Jean P. Port,3079
593,200806,2008,6,Sarria,1846
594,200807,2008,7,Astorga,1187
595,200807,2008,7,Cebreiro,1296
596,200807,2008,7,León,1298
597,200807,2008,7,Pamplona,574
598,200807,2008,7,Ponferrada,1386
599,200807,2008,7,Resto,7215
600,200807,2008,7,Roncesvalles,1261
601,200807,2008,7,S. Jean P. Port,1993
602,200807,2008,7,Sarria,3676
603,200807,2008,7,Tui,714
604,200807,2008,7,Vilafranca,466
605,200808,2008,8,Astorga,1150
606,200808,2008,8,Burgos,708
607,200808,2008,8,Cebreiro,2492
608,200808,2008,8,León,2036
609,200808,2008,8,Pamplona,709
610,200808,2008,8,Ponferrada,1932
611,200808,2008,8,Resto,9149
612,200808,2008,8,Roncesvalles,2427
613,200808,2008,8,S. Jean P. Port,2755
614,200808,2008,8,Sarria,5490
615,200808,2008,8,Tui,1148
616,200809,2008,9,Astorga,797
617,200809,2008,9,Burgos,518
618,200809,2008,9,Cebreiro,1114
619,200809,2008,9,Le Puy,471
620,200809,2008,9,León,1358
621,200809,2008,9,Pamplona,685
622,200809,2008,9,Ponferrada,995
623,200809,2008,9,Resto,5247
624,200809,2008,9,Roncesvalles,1307
625,200809,2008,9,S. Jean P. Port,2159
626,200809,2008,9,Sarria,2727
627,200810,2008,10,Astorga,389
628,200810,2008,10,Burgos,300
629,200810,2008,10,Cebreiro,435
630,200810,2008,10,Le Puy,380
631,200810,2008,10,León,516
632,200810,2008,10,Pamplona,401
633,200810,2008,10,Ponferrada,440
634,200810,2008,10,Resto,2968
635,200810,2008,10,Roncesvalles,765
636,200810,2008,10,S. Jean P. Port,1829
637,200810,2008,10,Sarria,1455
638,200811,2008,11,Astorga,56
639,200811,2008,11,Cebreiro,134
640,200811,2008,11,Le Puy,110
641,200811,2008,11,León,86
642,200811,2008,11,Oporto,62
643,200811,2008,11,Pamplona,60
644,200811,2008,11,Ponferrada,100
645,200811,2008,11,Resto,763
646,200811,2008,11,Roncesvalles,170
647,200811,2008,11,S. Jean P. Port,427
648,200811,2008,11,Sarria,341
649,200812,2008,12,Cebreiro,101
650,200812,2008,12,León,30
651,200812,2008,12,Pamplona,28
652,200812,2008,12,Ponferrada,28
653,200812,2008,12,Resto,287
654,200812,2008,12,Resto Portugal,29
655,200812,2008,12,Roncesvalles,55
656,200812,2008,12,S. Jean P. Port,84
657,200812,2008,12,Sarria,152
658,200812,2008,12,Tui,98
659,200812,2008,12,Vigo,193
660,200901,2009,1,Burgos,14
661,200901,2009,1,Cebreiro,40
662,200901,2009,1,Estella,26
663,200901,2009,1,Fonsagrada - C.P.,14
664,200901,2009,1,León,49
665,200901,2009,1,Pamplona,19
666,200901,2009,1,Ponferrada,27
667,200901,2009,1,Resto,150
668,200901,2009,1,Roncesvalles,23
669,200901,2009,1,S. Jean P. Port,50
670,200901,2009,1,Sarria,111
671,200902,2009,2,Astorga,26
672,200902,2009,2,Cebreiro,144
673,200902,2009,2,León,34
674,200902,2009,2,Oporto,18
675,200902,2009,2,Resto,223
676,200902,2009,2,Roncesvalles,41
677,200902,2009,2,S. Jean P. Port,28
678,200902,2009,2,Sarria,106
679,200902,2009,2,Triacastela,21
680,200902,2009,2,Tui,36
681,200902,2009,2,Valença do Minho,21
682,200903,2009,3,Astorga,77
683,200903,2009,3,Cebreiro,96
684,200903,2009,3,León,160
685,200903,2009,3,Pamplona,65
686,200903,2009,3,Ponferrada,86
687,200903,2009,3,Resto,591
688,200903,2009,3,Roncesvalles,141
689,200903,2009,3,S. Jean P. Port,124
690,200903,2009,3,Sarria,396
691,200903,2009,3,Sevilla,59
692,200903,2009,3,Tui,55
693,200904,2009,4,Astorga,307
694,200904,2009,4,Burgos,220
695,200904,2009,4,Cebreiro,831
696,200904,2009,4,León,544
697,200904,2009,4,Ponferrada,483
698,200904,2009,4,Resto,3241
699,200904,2009,4,Roncesvalles,577
700,200904,2009,4,S. Jean P. Port,645
701,200904,2009,4,Sarria,2742
702,200904,2009,4,Tui,469
703,200904,2009,4,Valença do Minho,257
704,200905,2009,5,Astorga,545
705,200905,2009,5,Cebreiro,768
706,200905,2009,5,Le Puy,509
707,200905,2009,5,León,1089
708,200905,2009,5,Oporto,677
709,200905,2009,5,Pamplona,710
710,200905,2009,5,Ponferrada,705
711,200905,2009,5,Resto,5708
712,200905,2009,5,Roncesvalles,1164
713,200905,2009,5,S. Jean P. Port,2312
714,200905,2009,5,Sarria,2311
715,200906,2009,6,Astorga,624
716,200906,2009,6,Burgos,567
717,200906,2009,6,Cebreiro,977
718,200906,2009,6,Le Puy,618
719,200906,2009,6,León,1318
720,200906,2009,6,Pamplona,726
721,200906,2009,6,Ponferrada,906
722,200906,2009,6,Resto,6582
723,200906,2009,6,Roncesvalles,1536
724,200906,2009,6,S. Jean P. Port,3046
725,200906,2009,6,Sarria,2454
726,200907,2009,7,Astorga,1309
727,200907,2009,7,Cebreiro,2002
728,200907,2009,7,León,1623
729,200907,2009,7,Pamplona,563
730,200907,2009,7,Ponferrada,1684
731,200907,2009,7,Resto,9216
732,200907,2009,7,Roncesvalles,1665
733,200907,2009,7,S. Jean P. Port,2069
734,200907,2009,7,Sarria,5055
735,200907,2009,7,Tui,940
736,200907,2009,7,Vilafranca,626
737,200908,2009,8,Astorga,1256
738,200908,2009,8,Burgos,907
739,200908,2009,8,Cebreiro,2708
740,200908,2009,8,León,2339
741,200908,2009,8,Ponferrada,2366
742,200908,2009,8,Resto,11273
743,200908,2009,8,Roncesvalles,2791
744,200908,2009,8,S. Jean P. Port,2670
745,200908,2009,8,Sarria,7415
746,200908,2009,8,Tui,1042
747,200908,2009,8,Vilafranca,779
748,200909,2009,9,Astorga,886
749,200909,2009,9,Burgos,611
750,200909,2009,9,Cebreiro,1264
751,200909,2009,9,Le Puy,527
752,200909,2009,9,León,1493
753,200909,2009,9,Pamplona,677
754,200909,2009,9,Ponferrada,1115
755,200909,2009,9,Resto,6389
756,200909,2009,9,Roncesvalles,1461
757,200909,2009,9,S. Jean P. Port,2369
758,200909,2009,9,Sarria,3831
759,200910,2009,10,Astorga,458
760,200910,2009,10,Burgos,348
761,200910,2009,10,Cebreiro,506
762,200910,2009,10,Le Puy,442
763,200910,2009,10,León,699
764,200910,2009,10,Pamplona,400
765,200910,2009,10,Ponferrada,455
766,200910,2009,10,Resto,3764
767,200910,2009,10,Roncesvalles,980
768,200910,2009,10,S. Jean P. Port,2024
769,200910,2009,10,Sarria,1655
770,200911,2009,11,Astorga,81
771,200911,2009,11,Cebreiro,103
772,200911,2009,11,Francia - C.F.,72
773,200911,2009,11,Le Puy,109
774,200911,2009,11,León,117
775,200911,2009,11,Pamplona,70
776,200911,2009,11,Ponferrada,109
777,200911,2009,11,Resto,731
778,200911,2009,11,Roncesvalles,238
779,200911,2009,11,S. Jean P. Port,478
780,200911,2009,11,Sarria,245
781,200912,2009,12,Astorga,23
782,200912,2009,12,Cebreiro,69
783,200912,2009,12,León,39
784,200912,2009,12,Oporto,61
785,200912,2009,12,Oviedo - C.P.,28
786,200912,2009,12,Ponferrada,34
787,200912,2009,12,Resto,319
788,200912,2009,12,Roncesvalles,71
789,200912,2009,12,S. Jean P. Port,118
790,200912,2009,12,Sarria,170
791,200912,2009,12,Tui,78
792,201001,2010,1,Astorga,56
793,201001,2010,1,Cebreiro,106
794,201001,2010,1,León,48
795,201001,2010,1,Ponferrada,69
796,201001,2010,1,Resto,293
797,201001,2010,1,Resto C. León C.F.,78
798,201001,2010,1,Roncesvalles,37
799,201001,2010,1,S. Jean P. Port,58
800,201001,2010,1,Sarria,318
801,201001,2010,1,Tui,58
802,201001,2010,1,Vilalba,67
803,201002,2010,2,Astorga,44
804,201002,2010,2,Cebreiro,321
805,201002,2010,2,León,54
806,201002,2010,2,Oporto,48
807,201002,2010,2,Pamplona,38
808,201002,2010,2,Ponferrada,80
809,201002,2010,2,Resto,403
810,201002,2010,2,Roncesvalles,102
811,201002,2010,2,S. Jean P. Port,85
812,201002,2010,2,Sarria,354
813,201002,2010,2,Tui,111
814,201003,2010,3,Cebreiro,446
815,201003,2010,3,Ferrol,161
816,201003,2010,3,León,225
817,201003,2010,3,Ourense,227
818,201003,2010,3,Ponferrada,244
819,201003,2010,3,Resto,1550
820,201003,2010,3,Roncesvalles,304
821,201003,2010,3,S. Jean P. Port,189
822,201003,2010,3,Sarria,1839
823,201003,2010,3,Tui,452
824,201003,2010,3,Valença do Minho,246
825,201004,2010,4,Cebreiro,2186
826,201004,2010,4,León,830
827,201004,2010,4,Oporto,482
828,201004,2010,4,Ourense,499
829,201004,2010,4,Ponferrada,899
830,201004,2010,4,Resto,5814
831,201004,2010,4,Roncesvalles,990
832,201004,2010,4,S. Jean P. Port,824
833,201004,2010,4,Sarria,5049
834,201004,2010,4,Tui,1487
835,201004,2010,4,Valença do Minho,527
836,201005,2010,5,Astorga,851
837,201005,2010,5,Cebreiro,2362
838,201005,2010,5,León,1479
839,201005,2010,5,Oporto,1051
840,201005,2010,5,Pamplona,679
841,201005,2010,5,Ponferrada,1353
842,201005,2010,5,Resto,9298
843,201005,2010,5,Roncesvalles,1761
844,201005,2010,5,S. Jean P. Port,2595
845,201005,2010,5,Sarria,5791
846,201005,2010,5,Tui,1626
847,201006,2010,6,Astorga,885
848,201006,2010,6,Cebreiro,2569
849,201006,2010,6,León,1598
850,201006,2010,6,Oporto,879
851,201006,2010,6,Pamplona,735
852,201006,2010,6,Ponferrada,1366
853,201006,2010,6,Resto,11876
854,201006,2010,6,Roncesvalles,2148
855,201006,2010,6,S. Jean P. Port,3122
856,201006,2010,6,Sarria,6962
857,201006,2010,6,Tui,1616
858,201007,2010,7,Astorga,1501
859,201007,2010,7,Cebreiro,3283
860,201007,2010,7,León,1718
861,201007,2010,7,Ourense,1032
862,201007,2010,7,Ponferrada,2264
863,201007,2010,7,Resto,13905
864,201007,2010,7,Roncesvalles,1806
865,201007,2010,7,S. Jean P. Port,2540
866,201007,2010,7,Sarria,10417
867,201007,2010,7,Tui,3039
868,201007,2010,7,Vilafranca,961
869,201008,2010,8,Astorga,1668
870,201008,2010,8,Cebreiro,4129
871,201008,2010,8,León,2470
872,201008,2010,8,Ourense,2339
873,201008,2010,8,Ponferrada,3013
874,201008,2010,8,Resto,20250
875,201008,2010,8,Resto Asturias - C.N,1940
876,201008,2010,8,Roncesvalles,2718
877,201008,2010,8,S. Jean P. Port,2734
878,201008,2010,8,Sarria,15530
879,201008,2010,8,Tui,4743
880,201009,2010,9,Astorga,934
881,201009,2010,9,Cebreiro,2831
882,201009,2010,9,Le Puy,712
883,201009,2010,9,León,1918
884,201009,2010,9,Oporto,833
885,201009,2010,9,Ponferrada,1769
886,201009,2010,9,Resto,11168
887,201009,2010,9,Roncesvalles,1705
888,201009,2010,9,S. Jean P. Port,2487
889,201009,2010,9,Sarria,10628
890,201009,2010,9,Tui,1863
891,201010,2010,10,Astorga,636
892,201010,2010,10,Cebreiro,2163
893,201010,2010,10,León,1006
894,201010,2010,10,Oporto,652
895,201010,2010,10,Ourense,514
896,201010,2010,10,Ponferrada,1206
897,201010,2010,10,Resto,7798
898,201010,2010,10,Roncesvalles,1417
899,201010,2010,10,S. Jean P. Port,2387
900,201010,2010,10,Sarria,7272
901,201010,2010,10,Tui,1547
902,201011,2010,11,Cebreiro,842
903,201011,2010,11,Ferrol,161
904,201011,2010,11,León,231
905,201011,2010,11,Ourense,241
906,201011,2010,11,Oviedo - C.P.,135
907,201011,2010,11,Ponferrada,346
908,201011,2010,11,Resto,2416
909,201011,2010,11,Roncesvalles,438
910,201011,2010,11,S. Jean P. Port,600
911,201011,2010,11,Sarria,1907
912,201011,2010,11,Tui,758
913,201012,2010,12,Cebreiro,862
914,201012,2010,12,Ferrol,224
915,201012,2010,12,León,104
916,201012,2010,12,Ourense,188
917,201012,2010,12,Oviedo - C.P.,111
918,201012,2010,12,Ponferrada,209
919,201012,2010,12,Resto,1452
920,201012,2010,12,Roncesvalles,204
921,201012,2010,12,S. Jean P. Port,189
922,201012,2010,12,Sarria,1681
923,201012,2010,12,Tui,743
924,201101,2011,1,Astorga,27
925,201101,2011,1,Cebreiro,63
926,201101,2011,1,León,45
927,201101,2011,1,Mondoñedo,20
928,201101,2011,1,Oporto,25
929,201101,2011,1,Ponferrada,30
930,201101,2011,1,Resto,183
931,201101,2011,1,Roncesvalles,27
932,201101,2011,1,S. Jean P. Port,67
933,201101,2011,1,Sarria,136
934,201101,2011,1,Tui,21
935,201102,2011,2,Cebreiro,112
936,201102,2011,2,León,51
937,201102,2011,2,Oporto,25
938,201102,2011,2,Pamplona,25
939,201102,2011,2,Ponferrada,52
940,201102,2011,2,Resto,240
941,201102,2011,2,Resto Portugal,29
942,201102,2011,2,Roncesvalles,38
943,201102,2011,2,S. Jean P. Port,70
944,201102,2011,2,Sarria,152
945,201102,2011,2,Tui,26
946,201103,2011,3,Cebreiro,288
947,201103,2011,3,León,143
948,201103,2011,3,Oporto,125
949,201103,2011,3,Ourense,215
950,201103,2011,3,Ponferrada,142
951,201103,2011,3,Resto,787
952,201103,2011,3,Resto Portugal,287
953,201103,2011,3,Roncesvalles,90
954,201103,2011,3,S. Jean P. Port,131
955,201103,2011,3,Sarria,719
956,201103,2011,3,Tui,96
957,201104,2011,4,Astorga,382
958,201104,2011,4,Cebreiro,839
959,201104,2011,4,León,696
960,201104,2011,4,Oporto,638
961,201104,2011,4,Ponferrada,604
962,201104,2011,4,Resto,4045
963,201104,2011,4,Roncesvalles,551
964,201104,2011,4,S. Jean P. Port,758
965,201104,2011,4,Sarria,4396
966,201104,2011,4,Tui,762
967,201104,2011,4,Valença do Minho,483
968,201105,2011,5,Astorga,662
969,201105,2011,5,Cebreiro,901
970,201105,2011,5,León,1269
971,201105,2011,5,Oporto,1007
972,201105,2011,5,Pamplona,718
973,201105,2011,5,Ponferrada,714
974,201105,2011,5,Resto,6894
975,201105,2011,5,Roncesvalles,984
976,201105,2011,5,S. Jean P. Port,2618
977,201105,2011,5,Sarria,3400
978,201105,2011,5,Tui,638
979,201106,2011,6,Astorga,769
980,201106,2011,6,Cebreiro,948
981,201106,2011,6,León,1553
982,201106,2011,6,Oporto,1288
983,201106,2011,6,Pamplona,753
984,201106,2011,6,Ponferrada,828
985,201106,2011,6,Resto,9008
986,201106,2011,6,Roncesvalles,1402
987,201106,2011,6,S. Jean P. Port,3805
988,201106,2011,6,Sarria,4065
989,201106,2011,6,Tui,820
990,201107,2011,7,Astorga,1444
991,201107,2011,7,Cebreiro,1866
992,201107,2011,7,León,1644
993,201107,2011,7,Oporto,726
994,201107,2011,7,Oviedo - C.P.,667
995,201107,2011,7,Ponferrada,1574
996,201107,2011,7,Resto,10588
997,201107,2011,7,Roncesvalles,1568
998,201107,2011,7,S. Jean P. Port,2538
999,201107,2011,7,Sarria,6900
1000,201107,2011,7,Tui,1327
1001,201108,2011,8,Astorga,1194
1002,201108,2011,8,Burgos,916
1003,201108,2011,8,Cebreiro,2492
1004,201108,2011,8,León,2375
1005,201108,2011,8,Oviedo - C.P.,944
1006,201108,2011,8,Ponferrada,2094
1007,201108,2011,8,Resto,13710
1008,201108,2011,8,Roncesvalles,2333
1009,201108,2011,8,S. Jean P. Port,3166
1010,201108,2011,8,Sarria,10248
1011,201108,2011,8,Tui,2017
1012,201109,2011,9,Astorga,855
1013,201109,2011,9,Cebreiro,1390
1014,201109,2011,9,León,1901
1015,201109,2011,9,Oporto,1095
1016,201109,2011,9,Pamplona,675
1017,201109,2011,9,Ponferrada,1267
1018,201109,2011,9,Resto,8512
1019,201109,2011,9,Roncesvalles,1292
1020,201109,2011,9,S. Jean P. Port,2711
1021,201109,2011,9,Sarria,5220
1022,201109,2011,9,Tui,1105
1023,201110,2011,10,Astorga,431
1024,201110,2011,10,Cebreiro,981
1025,201110,2011,10,Le Puy,450
1026,201110,2011,10,León,798
1027,201110,2011,10,Oporto,661
1028,201110,2011,10,Ponferrada,585
1029,201110,2011,10,Resto,5135
1030,201110,2011,10,Roncesvalles,829
1031,201110,2011,10,S. Jean P. Port,2762
1032,201110,2011,10,Sarria,2958
1033,201110,2011,10,Tui,653
1034,201111,2011,11,Astorga,82
1035,201111,2011,11,Cebreiro,185
1036,201111,2011,11,Le Puy,79
1037,201111,2011,11,León,142
1038,201111,2011,11,Pamplona,90
1039,201111,2011,11,Ponferrada,180
1040,201111,2011,11,Resto,1198
1041,201111,2011,11,Roncesvalles,159
1042,201111,2011,11,S. Jean P. Port,631
1043,201111,2011,11,Sarria,688
1044,201111,2011,11,Tui,157
1045,201112,2011,12,Cebreiro,103
1046,201112,2011,12,León,45
1047,201112,2011,12,Oporto,39
1048,201112,2011,12,Pamplona,38
1049,201112,2011,12,Ponferrada,72
1050,201112,2011,12,Resto,551
1051,201112,2011,12,Resto Portugal,41
1052,201112,2011,12,Roncesvalles,76
1053,201112,2011,12,S. Jean P. Port,157
1054,201112,2011,12,Sarria,279
1055,201112,2011,12,Tui,97
1056,201201,2012,1,Astorga,29
1057,201201,2012,1,Cebreiro,64
1058,201201,2012,1,León,82
1059,201201,2012,1,Oporto,34
1060,201201,2012,1,Oviedo - C.P.,49
1061,201201,2012,1,Ponferrada,50
1062,201201,2012,1,Resto,230
1063,201201,2012,1,Roncesvalles,30
1064,201201,2012,1,S. Jean P. Port,76
1065,201201,2012,1,Sarria,196
1066,201201,2012,1,Tui,32
1067,201202,2012,2,Cebreiro,200
1068,201202,2012,2,León,42
1069,201202,2012,2,Oporto,67
1070,201202,2012,2,Oviedo - C.P.,30
1071,201202,2012,2,Ponferrada,32
1072,201202,2012,2,Resto,309
1073,201202,2012,2,Roncesvalles,55
1074,201202,2012,2,S. Jean P. Port,97
1075,201202,2012,2,Sarria,323
1076,201202,2012,2,Tui,80
1077,201202,2012,2,Valença do Minho,70
1078,201203,2012,3,Cebreiro,132
1079,201203,2012,3,León,147
1080,201203,2012,3,Oporto,172
1081,201203,2012,3,Pamplona,67
1082,201203,2012,3,Ponferrada,128
1083,201203,2012,3,Resto,1017
1084,201203,2012,3,Roncesvalles,113
1085,201203,2012,3,S. Jean P. Port,223
1086,201203,2012,3,Sarria,978
1087,201203,2012,3,Tui,163
1088,201203,2012,3,Valença do Minho,120
1089,201204,2012,4,Cebreiro,793
1090,201204,2012,4,León,670
1091,201204,2012,4,Oporto,962
1092,201204,2012,4,Ponferrada,583
1093,201204,2012,4,Resto,4850
1094,201204,2012,4,Resto Portugal,346
1095,201204,2012,4,Roncesvalles,583
1096,201204,2012,4,S. Jean P. Port,943
1097,201204,2012,4,Sarria,3936
1098,201204,2012,4,Tui,602
1099,201204,2012,4,Valença do Minho,481
1100,201205,2012,5,Cebreiro,912
1101,201205,2012,5,Le Puy,606
1102,201205,2012,5,León,1297
1103,201205,2012,5,Oporto,1247
1104,201205,2012,5,Pamplona,676
1105,201205,2012,5,Ponferrada,688
1106,201205,2012,5,Resto,7479
1107,201205,2012,5,Roncesvalles,1053
1108,201205,2012,5,S. Jean P. Port,3054
1109,201205,2012,5,Sarria,4058
1110,201205,2012,5,Tui,706
1111,201206,2012,6,Astorga,633
1112,201206,2012,6,Cebreiro,1008
1113,201206,2012,6,León,1528
1114,201206,2012,6,Oporto,1065
1115,201206,2012,6,Pamplona,735
1116,201206,2012,6,Ponferrada,869
1117,201206,2012,6,Resto,9079
1118,201206,2012,6,Roncesvalles,1393
1119,201206,2012,6,S. Jean P. Port,3870
1120,201206,2012,6,Sarria,4362
1121,201206,2012,6,Tui,975
1122,201207,2012,7,Astorga,1523
1123,201207,2012,7,Cebreiro,2074
1124,201207,2012,7,León,1522
1125,201207,2012,7,Oporto,867
1126,201207,2012,7,Oviedo - C.P.,645
1127,201207,2012,7,Ponferrada,1390
1128,201207,2012,7,Resto,11971
1129,201207,2012,7,Roncesvalles,1176
1130,201207,2012,7,S. Jean P. Port,2818
1131,201207,2012,7,Sarria,7160
1132,201207,2012,7,Tui,1672
1133,201208,2012,8,Astorga,1048
1134,201208,2012,8,Cebreiro,2367
1135,201208,2012,8,Ferrol,1058
1136,201208,2012,8,León,2229
1137,201208,2012,8,Oporto,1067
1138,201208,2012,8,Ponferrada,2012
1139,201208,2012,8,Resto,14372
1140,201208,2012,8,Roncesvalles,1816
1141,201208,2012,8,S. Jean P. Port,3473
1142,201208,2012,8,Sarria,9474
1143,201208,2012,8,Tui,2180
1144,201209,2012,9,Astorga,838
1145,201209,2012,9,Cebreiro,1537
1146,201209,2012,9,León,1767
1147,201209,2012,9,Oporto,1093
1148,201209,2012,9,Oviedo - C.P.,676
1149,201209,2012,9,Ponferrada,1214
1150,201209,2012,9,Resto,8929
1151,201209,2012,9,Roncesvalles,1146
1152,201209,2012,9,S. Jean P. Port,2883
1153,201209,2012,9,Sarria,6074
1154,201209,2012,9,Tui,1164
1155,201210,2012,10,Astorga,486
1156,201210,2012,10,Cebreiro,888
1157,201210,2012,10,León,908
1158,201210,2012,10,Oporto,887
1159,201210,2012,10,Pamplona,537
1160,201210,2012,10,Ponferrada,592
1161,201210,2012,10,Resto,5353
1162,201210,2012,10,Roncesvalles,813
1163,201210,2012,10,S. Jean P. Port,3654
1164,201210,2012,10,Sarria,3359
1165,201210,2012,10,Tui,614
1166,201211,2012,11,Cebreiro,221
1167,201211,2012,11,Le Puy,113
1168,201211,2012,11,León,168
1169,201211,2012,11,Oporto,131
1170,201211,2012,11,Pamplona,100
1171,201211,2012,11,Ponferrada,150
1172,201211,2012,11,Resto,1416
1173,201211,2012,11,Roncesvalles,201
1174,201211,2012,11,S. Jean P. Port,896
1175,201211,2012,11,Sarria,597
1176,201211,2012,11,Tui,177
1177,201212,2012,12,Cebreiro,117
1178,201212,2012,12,Ferrol,55
1179,201212,2012,12,León,45
1180,201212,2012,12,Oporto,48
1181,201212,2012,12,Ponferrada,57
1182,201212,2012,12,Resto,534
1183,201212,2012,12,Roncesvalles,88
1184,201212,2012,12,S. Jean P. Port,221
1185,201212,2012,12,Sarria,214
1186,201212,2012,12,Tui,70
1187,201212,2012,12,Valença do Minho,34
1188,201301,2013,1,Cebreiro,39
1189,201301,2013,1,Gudiña,24
1190,201301,2013,1,León,47
1191,201301,2013,1,Oporto,34
1192,201301,2013,1,Pamplona,31
1193,201301,2013,1,Ponferrada,28
1194,201301,2013,1,Resto,248
1195,201301,2013,1,Roncesvalles,31
1196,201301,2013,1,S. Jean P. Port,120
1197,201301,2013,1,Sarria,159
1198,201301,2013,1,Tui,45
1199,201302,2013,2,Cebreiro,67
1200,201302,2013,2,León,48
1201,201302,2013,2,Oporto,63
1202,201302,2013,2,Ourense,51
1203,201302,2013,2,Ponferrada,33
1204,201302,2013,2,Resto,331
1205,201302,2013,2,Roncesvalles,50
1206,201302,2013,2,S. Jean P. Port,119
1207,201302,2013,2,Sarria,478
1208,201302,2013,2,Tui,96
1209,201302,2013,2,Valença do Minho,46
1210,201303,2013,3,Cebreiro,426
1211,201303,2013,3,Ferrol,304
1212,201303,2013,3,León,187
1213,201303,2013,3,Oporto,261
1214,201303,2013,3,Ponferrada,268
1215,201303,2013,3,Resto,1723
1216,201303,2013,3,Roncesvalles,215
1217,201303,2013,3,S. Jean P. Port,272
1218,201303,2013,3,Sarria,2625
1219,201303,2013,3,Tui,578
1220,201303,2013,3,Valença do Minho,369
1221,201304,2013,4,Cebreiro,500
1222,201304,2013,4,León,565
1223,201304,2013,4,Oporto,827
1224,201304,2013,4,Pamplona,284
1225,201304,2013,4,Ponferrada,418
1226,201304,2013,4,Resto,3560
1227,201304,2013,4,Roncesvalles,413
1228,201304,2013,4,S. Jean P. Port,1033
1229,201304,2013,4,Sarria,3270
1230,201304,2013,4,Tui,346
1231,201304,2013,4,Valença do Minho,316
1232,201305,2013,5,Astorga,744
1233,201305,2013,5,Cebreiro,972
1234,201305,2013,5,Le Puy,706
1235,201305,2013,5,León,1374
1236,201305,2013,5,Oporto,1521
1237,201305,2013,5,Ponferrada,841
1238,201305,2013,5,Resto,8259
1239,201305,2013,5,Roncesvalles,1020
1240,201305,2013,5,S. Jean P. Port,3824
1241,201305,2013,5,Sarria,5195
1242,201305,2013,5,Tui,749
1243,201306,2013,6,Astorga,741
1244,201306,2013,6,Cebreiro,1247
1245,201306,2013,6,León,1546
1246,201306,2013,6,Oporto,1360
1247,201306,2013,6,Pamplona,662
1248,201306,2013,6,Ponferrada,862
1249,201306,2013,6,Resto,10046
1250,201306,2013,6,Roncesvalles,1461
1251,201306,2013,6,S. Jean P. Port,4881
1252,201306,2013,6,Sarria,5627
1253,201306,2013,6,Tui,941
1254,201307,2013,7,Astorga,1566
1255,201307,2013,7,Cebreiro,2102
1256,201307,2013,7,León,1590
1257,201307,2013,7,Oporto,1150
1258,201307,2013,7,Ponferrada,1470
1259,201307,2013,7,Resto,12208
1260,201307,2013,7,Roncesvalles,1158
1261,201307,2013,7,S. Jean P. Port,3681
1262,201307,2013,7,Sarria,8855
1263,201307,2013,7,Tui,1959
1264,201307,2013,7,Valença do Minho,820
1265,201308,2013,8,Cebreiro,2735
1266,201308,2013,8,Ferrol,1160
1267,201308,2013,8,León,2299
1268,201308,2013,8,Oporto,1294
1269,201308,2013,8,Oviedo - C.P.,1160
1270,201308,2013,8,Ponferrada,2222
1271,201308,2013,8,Resto,15476
1272,201308,2013,8,Roncesvalles,1645
1273,201308,2013,8,S. Jean P. Port,3686
1274,201308,2013,8,Sarria,12557
1275,201308,2013,8,Tui,2492
1276,201309,2013,9,Astorga,880
1277,201309,2013,9,Cebreiro,1487
1278,201309,2013,9,León,1896
1279,201309,2013,9,Oporto,1388
1280,201309,2013,9,Oviedo - C.P.,719
1281,201309,2013,9,Ponferrada,1387
1282,201309,2013,9,Resto,9384
1283,201309,2013,9,Roncesvalles,1143
1284,201309,2013,9,S. Jean P. Port,3315
1285,201309,2013,9,Sarria,7845
1286,201309,2013,9,Tui,1450
1287,201310,2013,10,Cebreiro,797
1288,201310,2013,10,Le Puy,460
1289,201310,2013,10,León,916
1290,201310,2013,10,Oporto,791
1291,201310,2013,10,Pamplona,511
1292,201310,2013,10,Ponferrada,585
1293,201310,2013,10,Resto,5590
1294,201310,2013,10,Roncesvalles,824
1295,201310,2013,10,S. Jean P. Port,4396
1296,201310,2013,10,Sarria,4175
1297,201310,2013,10,Tui,562
1298,201311,2013,11,Cebreiro,222
1299,201311,2013,11,León,225
1300,201311,2013,11,Oporto,121
1301,201311,2013,11,Ourense,175
1302,201311,2013,11,Pamplona,121
1303,201311,2013,11,Ponferrada,190
1304,201311,2013,11,Resto,1538
1305,201311,2013,11,Roncesvalles,176
1306,201311,2013,11,S. Jean P. Port,1010
1307,201311,2013,11,Sarria,1027
1308,201311,2013,11,Tui,102
1309,201312,2013,12,Cebreiro,130
1310,201312,2013,12,León,49
1311,201312,2013,12,Lugo - C.P.,44
1312,201312,2013,12,Oporto,49
1313,201312,2013,12,Ponferrada,61
1314,201312,2013,12,Resto,577
1315,201312,2013,12,Roncesvalles,132
1316,201312,2013,12,S. Jean P. Port,233
1317,201312,2013,12,Sarria,250
1318,201312,2013,12,Sevilla,59
1319,201312,2013,12,Tui,75
1320,201401,2014,1,Cebreiro,39
1321,201401,2014,1,Ferrol,32
1322,201401,2014,1,León,50
1323,201401,2014,1,Oporto,51
1324,201401,2014,1,Pamplona,24
1325,201401,2014,1,Ponferrada,31
1326,201401,2014,1,Resto,260
1327,201401,2014,1,Roncesvalles,34
1328,201401,2014,1,S. Jean P. Port,127
1329,201401,2014,1,Sarria,212
1330,201401,2014,1,Tui,46
1331,201402,2014,2,León,41
1332,201402,2014,2,Oporto,30
1333,201402,2014,2,Pamplona,35
1334,201402,2014,2,Ponferrada,39
1335,201402,2014,2,Resto,265
1336,201402,2014,2,Roncesvalles,53
1337,201402,2014,2,S. Jean P. Port,128
1338,201402,2014,2,Sarria,269
1339,201402,2014,2,Sevilla,41
1340,201402,2014,2,Tui,32
1341,201402,2014,2,Valença do Minho,37
1342,201403,2014,3,Cebreiro,103
1343,201403,2014,3,Ferrol,121
1344,201403,2014,3,León,172
1345,201403,2014,3,Nájera,107
1346,201403,2014,3,Oporto,252
1347,201403,2014,3,Ponferrada,127
1348,201403,2014,3,Resto,1011
1349,201403,2014,3,Roncesvalles,81
1350,201403,2014,3,S. Jean P. Port,219
1351,201403,2014,3,Sarria,845
1352,201403,2014,3,Tui,112
1353,201404,2014,4,Cebreiro,841
1354,201404,2014,4,Ferrol,497
1355,201404,2014,4,León,675
1356,201404,2014,4,Oporto,1000
1357,201404,2014,4,Ponferrada,499
1358,201404,2014,4,Resto,5031
1359,201404,2014,4,Roncesvalles,473
1360,201404,2014,4,S. Jean P. Port,1288
1361,201404,2014,4,Sarria,5457
1362,201404,2014,4,Tui,956
1363,201404,2014,4,Valença do Minho,630
1364,201405,2014,5,Cebreiro,1014
1365,201405,2014,5,Le Puy,674
1366,201405,2014,5,León,1444
1367,201405,2014,5,Oporto,1778
1368,201405,2014,5,Pamplona,686
1369,201405,2014,5,Ponferrada,848
1370,201405,2014,5,Resto,8975
1371,201405,2014,5,Roncesvalles,1012
1372,201405,2014,5,S. Jean P. Port,3944
1373,201405,2014,5,Sarria,6007
1374,201405,2014,5,Tui,972
1375,201406,2014,6,Astorga,797
1376,201406,2014,6,Cebreiro,1136
1377,201406,2014,6,Ferrol,800
1378,201406,2014,6,León,1724
1379,201406,2014,6,Oporto,1491
1380,201406,2014,6,Ponferrada,908
1381,201406,2014,6,Resto,11251
1382,201406,2014,6,Roncesvalles,1391
1383,201406,2014,6,S. Jean P. Port,5400
1384,201406,2014,6,Sarria,6790
1385,201406,2014,6,Tui,1333
1386,201407,2014,7,Astorga,1390
1387,201407,2014,7,Cebreiro,1985
1388,201407,2014,7,Ferrol,1421
1389,201407,2014,7,León,1599
1390,201407,2014,7,Oporto,1378
1391,201407,2014,7,Ponferrada,1512
1392,201407,2014,7,Resto,12960
1393,201407,2014,7,Roncesvalles,1107
1394,201407,2014,7,S. Jean P. Port,3982
1395,201407,2014,7,Sarria,10011
1396,201407,2014,7,Tui,2236
1397,201408,2014,8,Cebreiro,2764
1398,201408,2014,8,Ferrol,1888
1399,201408,2014,8,León,2616
1400,201408,2014,8,Oporto,1438
1401,201408,2014,8,Oviedo - C.P.,1276
1402,201408,2014,8,Ponferrada,2060
1403,201408,2014,8,Resto,16586
1404,201408,2014,8,Roncesvalles,1632
1405,201408,2014,8,S. Jean P. Port,3965
1406,201408,2014,8,Sarria,13792
1407,201408,2014,8,Tui,3201
1408,201409,2014,9,Astorga,918
1409,201409,2014,9,Cebreiro,1328
1410,201409,2014,9,Ferrol,898
1411,201409,2014,9,León,1931
1412,201409,2014,9,Oporto,1911
1413,201409,2014,9,Ponferrada,1140
1414,201409,2014,9,Resto,10897
1415,201409,2014,9,Roncesvalles,1064
1416,201409,2014,9,S. Jean P. Port,3850
1417,201409,2014,9,Sarria,8850
1418,201409,2014,9,Tui,1670
1419,201410,2014,10,Cebreiro,737
1420,201410,2014,10,Le Puy,508
1421,201410,2014,10,León,901
1422,201410,2014,10,Oporto,1048
1423,201410,2014,10,Ponferrada,641
1424,201410,2014,10,Resto,7170
1425,201410,2014,10,Resto Asturias - C.N,528
1426,201410,2014,10,Roncesvalles,723
1427,201410,2014,10,S. Jean P. Port,4955
1428,201410,2014,10,Sarria,5250
1429,201410,2014,10,Tui,744
1430,201411,2014,11,Cebreiro,208
1431,201411,2014,11,Ferrol,116
1432,201411,2014,11,León,190
1433,201411,2014,11,Oporto,170
1434,201411,2014,11,Pamplona,154
1435,201411,2014,11,Ponferrada,112
1436,201411,2014,11,Resto,1530
1437,201411,2014,11,Roncesvalles,184
1438,201411,2014,11,S. Jean P. Port,1229
1439,201411,2014,11,Sarria,750
1440,201411,2014,11,Tui,160
1441,201412,2014,12,Cebreiro,76
1442,201412,2014,12,Ferrol,89
1443,201412,2014,12,León,67
1444,201412,2014,12,Oporto,89
1445,201412,2014,12,Ponferrada,62
1446,201412,2014,12,Resto,636
1447,201412,2014,12,Roncesvalles,94
1448,201412,2014,12,S. Jean P. Port,260
1449,201412,2014,12,Sarria,328
1450,201412,2014,12,Tui,114
1451,201412,2014,12,Valença do Minho,55
1452,201501,2015,1,Cebreiro,102
1453,201501,2015,1,Ferrol,50
1454,201501,2015,1,León,72
1455,201501,2015,1,Oporto,72
1456,201501,2015,1,Pamplona,46
1457,201501,2015,1,Ponferrada,41
1458,201501,2015,1,Resto,321
1459,201501,2015,1,Roncesvalles,31
1460,201501,2015,1,S. Jean P. Port,186
1461,201501,2015,1,Sarria,234
1462,201501,2015,1,Tui,62
1463,201502,2015,2,Cebreiro,96
1464,201502,2015,2,León,48
1465,201502,2015,2,Oporto,63
1466,201502,2015,2,Pamplona,52
1467,201502,2015,2,Ponferrada,63
1468,201502,2015,2,Resto,337
1469,201502,2015,2,S. Jean P. Port,176
1470,201502,2015,2,Sarria,528
1471,201502,2015,2,Triacastela,48
1472,201502,2015,2,Tui,65
1473,201502,2015,2,Valença do Minho,68
1474,201503,2015,3,Cebreiro,293
1475,201503,2015,3,Ferrol,137
1476,201503,2015,3,León,161
1477,201503,2015,3,Oporto,265
1478,201503,2015,3,Ponferrada,162
1479,201503,2015,3,Resto,1367
1480,201503,2015,3,Roncesvalles,148
1481,201503,2015,3,S. Jean P. Port,290
1482,201503,2015,3,Sarria,1905
1483,201503,2015,3,Tui,186
1484,201503,2015,3,Valença do Minho,166
1485,201504,2015,4,Cebreiro,863
1486,201504,2015,4,Ferrol,661
1487,201504,2015,4,León,647
1488,201504,2015,4,Oporto,941
1489,201504,2015,4,Ponferrada,544
1490,201504,2015,4,Resto,4988
1491,201504,2015,4,Roncesvalles,436
1492,201504,2015,4,S. Jean P. Port,1296
1493,201504,2015,4,Sarria,5547
1494,201504,2015,4,Tui,1196
1495,201504,2015,4,Valença do Minho,602
1496,201505,2015,5,Astorga,752
1497,201505,2015,5,Cebreiro,1001
1498,201505,2015,5,Ferrol,761
1499,201505,2015,5,León,1578
1500,201505,2015,5,Oporto,2363
1501,201505,2015,5,Ponferrada,897
1502,201505,2015,5,Resto,10320
1503,201505,2015,5,Roncesvalles,959
1504,201505,2015,5,S. Jean P. Port,4401
1505,201505,2015,5,Sarria,6886
1506,201505,2015,5,Tui,1158
1507,201506,2015,6,Cebreiro,1319
1508,201506,2015,6,Ferrol,1052
1509,201506,2015,6,León,1634
1510,201506,2015,6,Oporto,1735
1511,201506,2015,6,Oviedo - C.P.,995
1512,201506,2015,6,Ponferrada,1078
1513,201506,2015,6,Resto,11390
1514,201506,2015,6,Roncesvalles,1207
1515,201506,2015,6,S. Jean P. Port,5812
1516,201506,2015,6,Sarria,8397
1517,201506,2015,6,Tui,1304
1518,201507,2015,7,Astorga,1451
1519,201507,2015,7,Cebreiro,1962
1520,201507,2015,7,Ferrol,1783
1521,201507,2015,7,León,1604
1522,201507,2015,7,Oporto,1624
1523,201507,2015,7,Oviedo - C.P.,1058
1524,201507,2015,7,Ponferrada,1637
1525,201507,2015,7,Resto,15001
1526,201507,2015,7,S. Jean P. Port,4034
1527,201507,2015,7,Sarria,11462
1528,201507,2015,7,Tui,3178
1529,201508,2015,8,Cebreiro,2236
1530,201508,2015,8,Ferrol,2130
1531,201508,2015,8,León,2422
1532,201508,2015,8,Oporto,2050
1533,201508,2015,8,Oviedo - C.P.,1646
1534,201508,2015,8,Ponferrada,1953
1535,201508,2015,8,Resto,17886
1536,201508,2015,8,Roncesvalles,1505
1537,201508,2015,8,S. Jean P. Port,3901
1538,201508,2015,8,Sarria,15266
1539,201508,2015,8,Tui,3799
1540,201509,2015,9,Cebreiro,1469
1541,201509,2015,9,Ferrol,1246
1542,201509,2015,9,León,1993
1543,201509,2015,9,Oporto,2454
1544,201509,2015,9,Oviedo - C.P.,1116
1545,201509,2015,9,Ponferrada,1196
1546,201509,2015,9,Resto,11403
1547,201509,2015,9,Roncesvalles,1072
1548,201509,2015,9,S. Jean P. Port,3823
1549,201509,2015,9,Sarria,9864
1550,201509,2015,9,Tui,1793
1551,201510,2015,10,Cebreiro,728
1552,201510,2015,10,Ferrol,577
1553,201510,2015,10,León,1075
1554,201510,2015,10,Oporto,1327
1555,201510,2015,10,Pamplona,562
1556,201510,2015,10,Ponferrada,650
1557,201510,2015,10,Resto,7635
1558,201510,2015,10,Roncesvalles,750
1559,201510,2015,10,S. Jean P. Port,5458
1560,201510,2015,10,Sarria,5986
1561,201510,2015,10,Tui,828
1562,201511,2015,11,Cebreiro,224
1563,201511,2015,11,Ferrol,164
1564,201511,2015,11,León,177
1565,201511,2015,11,Oporto,208
1566,201511,2015,11,Pamplona,158
1567,201511,2015,11,Ponferrada,128
1568,201511,2015,11,Resto,1578
1569,201511,2015,11,Roncesvalles,201
1570,201511,2015,11,S. Jean P. Port,1386
1571,201511,2015,11,Sarria,860
1572,201511,2015,11,Tui,144
1573,201512,2015,12,Cebreiro,57
1574,201512,2015,12,Ferrol,104
1575,201512,2015,12,León,84
1576,201512,2015,12,Oporto,96
1577,201512,2015,12,Ponferrada,53
1578,201512,2015,12,Resto,688
1579,201512,2015,12,Roncesvalles,65
1580,201512,2015,12,S. Jean P. Port,292
1581,201512,2015,12,Sarria,472
1582,201512,2015,12,Tui,86
1583,201512,2015,12,Valença do Minho,65
1584,201601,2016,1,Astorga,44
1585,201601,2016,1,Cebreiro,57
1586,201601,2016,1,Ferrol,58
1587,201601,2016,1,León,75
1588,201601,2016,1,Oporto,66
1589,201601,2016,1,Pamplona,44
1590,201601,2016,1,Ponferrada,44
1591,201601,2016,1,Resto,406
1592,201601,2016,1,S. Jean P. Port,167
1593,201601,2016,1,Sarria,282
1594,201601,2016,1,Tui,61
1595,201602,2016,2,Cebreiro,113
1596,201602,2016,2,Ferrol,115
1597,201602,2016,2,León,89
1598,201602,2016,2,Oporto,104
1599,201602,2016,2,Pamplona,70
1600,201602,2016,2,Ponferrada,53
1601,201602,2016,2,Resto,375
1602,201602,2016,2,Roncesvalles,48
1603,201602,2016,2,S. Jean P. Port,184
1604,201602,2016,2,Sarria,505
1605,201602,2016,2,Tui,77
1606,201603,2016,3,Cebreiro,501
1607,201603,2016,3,Ferrol,505
1608,201603,2016,3,León,301
1609,201603,2016,3,Oporto,567
1610,201603,2016,3,Ponferrada,360
1611,201603,2016,3,Resto,2797
1612,201603,2016,3,Roncesvalles,254
1613,201603,2016,3,S. Jean P. Port,460
1614,201603,2016,3,Sarria,4276
1615,201603,2016,3,Tui,645
1616,201603,2016,3,Valença do Minho,401
1617,201604,2016,4,Cebreiro,451
1618,201604,2016,4,Ferrol,463
1619,201604,2016,4,León,682
1620,201604,2016,4,Oporto,1298
1621,201604,2016,4,Ponferrada,340
1622,201604,2016,4,Resto,4578
1623,201604,2016,4,Roncesvalles,319
1624,201604,2016,4,S. Jean P. Port,1477
1625,201604,2016,4,Sarria,4396
1626,201604,2016,4,Tui,594
1627,201604,2016,4,Valença do Minho,502
1628,201605,2016,5,Cebreiro,874
1629,201605,2016,5,Ferrol,975
1630,201605,2016,5,León,1666
1631,201605,2016,5,Oporto,2843
1632,201605,2016,5,Ponferrada,899
1633,201605,2016,5,Resto,10358
1634,201605,2016,5,Roncesvalles,924
1635,201605,2016,5,S. Jean P. Port,5156
1636,201605,2016,5,Sarria,7197
1637,201605,2016,5,Tui,1122
1638,201605,2016,5,Valença do Minho,762
1639,201606,2016,6,Cebreiro,1311
1640,201606,2016,6,Ferrol,1167
1641,201606,2016,6,León,1770
1642,201606,2016,6,Oporto,2420
1643,201606,2016,6,Oviedo - C.P.,1045
1644,201606,2016,6,Ponferrada,1017
1645,201606,2016,6,Resto,12470
1646,201606,2016,6,Roncesvalles,1034
1647,201606,2016,6,S. Jean P. Port,6244
1648,201606,2016,6,Sarria,8994
1649,201606,2016,6,Tui,1598
1650,201607,2016,7,Astorga,1294
1651,201607,2016,7,Cebreiro,2146
1652,201607,2016,7,Ferrol,1836
1653,201607,2016,7,León,1750
1654,201607,2016,7,Oporto,2180
1655,201607,2016,7,Oviedo - C.P.,1153
1656,201607,2016,7,Ponferrada,1404
1657,201607,2016,7,Resto,14468
1658,201607,2016,7,S. Jean P. Port,4177
1659,201607,2016,7,Sarria,11955
1660,201607,2016,7,Tui,3108
1661,201608,2016,8,Cebreiro,2095
1662,201608,2016,8,Ferrol,2176
1663,201608,2016,8,León,2310
1664,201608,2016,8,Oporto,2465
1665,201608,2016,8,Oviedo - C.P.,1757
1666,201608,2016,8,Ponferrada,1800
1667,201608,2016,8,Resto,16653
1668,201608,2016,8,S. Jean P. Port,3942
1669,201608,2016,8,Sarria,14938
1670,201608,2016,8,Tui,4026
1671,201608,2016,8,Valença do Minho,1542
1672,201609,2016,9,Cebreiro,1297
1673,201609,2016,9,Ferrol,1233
1674,201609,2016,9,León,1936
1675,201609,2016,9,Oporto,3252
1676,201609,2016,9,Oviedo - C.P.,1109
1677,201609,2016,9,Ponferrada,1237
1678,201609,2016,9,Resto,11666
1679,201609,2016,9,Roncesvalles,864
1680,201609,2016,9,S. Jean P. Port,4154
1681,201609,2016,9,Sarria,10900
1682,201609,2016,9,Tui,2501
1683,201610,2016,10,Cebreiro,717
1684,201610,2016,10,Ferrol,668
1685,201610,2016,10,León,1125
1686,201610,2016,10,Oporto,2052
1687,201610,2016,10,Oviedo - C.P.,682
1688,201610,2016,10,Ponferrada,815
1689,201610,2016,10,Resto,8273
1690,201610,2016,10,Roncesvalles,671
1691,201610,2016,10,S. Jean P. Port,5819
1692,201610,2016,10,Sarria,6377
1693,201610,2016,10,Tui,1023
1694,201611,2016,11,Cebreiro,196
1695,201611,2016,11,Ferrol,173
1696,201611,2016,11,León,263
1697,201611,2016,11,Oporto,367
1698,201611,2016,11,Oviedo - C.P.,177
1699,201611,2016,11,Pamplona,167
1700,201611,2016,11,Resto,1847
1701,201611,2016,11,Roncesvalles,167
1702,201611,2016,11,S. Jean P. Port,1518
1703,201611,2016,11,Sarria,1245
1704,201611,2016,11,Tui,274
1705,201612,2016,12,Cebreiro,98
1706,201612,2016,12,Ferrol,109
1707,201612,2016,12,Oporto,112
1708,201612,2016,12,Ourense,132
1709,201612,2016,12,Ponferrada,93
1710,201612,2016,12,Resto,899
1711,201612,2016,12,Roncesvalles,139
1712,201612,2016,12,S. Jean P. Port,358
1713,201612,2016,12,Sarria,701
1714,201612,2016,12,Tui,129
1715,201612,2016,12,Valença do Minho,94
1716,201701,2017,1,Cebreiro,42
1717,201701,2017,1,Ferrol,60
1718,201701,2017,1,León,76
1719,201701,2017,1,Oporto,102
1720,201701,2017,1,Pamplona,48
1721,201701,2017,1,Ponferrada,49
1722,201701,2017,1,Resto,380
1723,201701,2017,1,S. Jean P. Port,183
1724,201701,2017,1,Sarria,277
1725,201701,2017,1,Tui,92
1726,201701,2017,1,Valença do Minho,45
1727,201702,2017,2,Ferrol,46
1728,201702,2017,2,León,73
1729,201702,2017,2,Oporto,128
1730,201702,2017,2,Oviedo - C.P.,39
1731,201702,2017,2,Pamplona,49
1732,201702,2017,2,Ponferrada,50
1733,201702,2017,2,Resto,465
1734,201702,2017,2,S. Jean P. Port,233
1735,201702,2017,2,Sarria,494
1736,201702,2017,2,Tui,80
1737,201702,2017,2,Valença do Minho,39
1738,201703,2017,3,Cebreiro,249
1739,201703,2017,3,Ferrol,143
1740,201703,2017,3,León,182
1741,201703,2017,3,Oporto,603
1742,201703,2017,3,Pamplona,91
1743,201703,2017,3,Ponferrada,149
1744,201703,2017,3,Resto,1304
1745,201703,2017,3,S. Jean P. Port,293
1746,201703,2017,3,Sarria,1559
1747,201703,2017,3,Tui,388
1748,201703,2017,3,Valença do Minho,215
1749,201704,2017,4,Cebreiro,1058
1750,201704,2017,4,Ferrol,1038
1751,201704,2017,4,León,783
1752,201704,2017,4,Oporto,2197
1753,201704,2017,4,Ponferrada,639
1754,201704,2017,4,Resto,7200
1755,201704,2017,4,Roncesvalles,557
1756,201704,2017,4,S. Jean P. Port,1602
1757,201704,2017,4,Sarria,9077
1758,201704,2017,4,Tui,1648
1759,201704,2017,4,Valença do Minho,1126
1760,201705,2017,5,Cebreiro,984
1761,201705,2017,5,Ferrol,1087
1762,201705,2017,5,León,1668
1763,201705,2017,5,Oporto,3708
1764,201705,2017,5,Oviedo - C.P.,940
1765,201705,2017,5,Ponferrada,758
1766,201705,2017,5,Resto,10956
1767,201705,2017,5,Roncesvalles,775
1768,201705,2017,5,S. Jean P. Port,5200
1769,201705,2017,5,Sarria,7860
1770,201705,2017,5,Tui,1411
1771,201706,2017,6,Cebreiro,1173
1772,201706,2017,6,Ferrol,1275
1773,201706,2017,6,León,1702
1774,201706,2017,6,Oporto,3255
1775,201706,2017,6,Oviedo - C.P.,1202
1776,201706,2017,6,Ponferrada,961
1777,201706,2017,6,Resto,12397
1778,201706,2017,6,Roncesvalles,876
1779,201706,2017,6,S. Jean P. Port,6097
1780,201706,2017,6,Sarria,10685
1781,201706,2017,6,Tui,1996
1782,201707,2017,7,Astorga,1183
1783,201707,2017,7,Cebreiro,1744
1784,201707,2017,7,Ferrol,1936
1785,201707,2017,7,León,1512
1786,201707,2017,7,Oporto,2490
1787,201707,2017,7,Oviedo - C.P.,1258
1788,201707,2017,7,Ponferrada,1405
1789,201707,2017,7,Resto,15963
1790,201707,2017,7,S. Jean P. Port,4160
1791,201707,2017,7,Sarria,11898
1792,201707,2017,7,Tui,3921
1793,201708,2017,8,Cebreiro,2071
1794,201708,2017,8,Ferrol,2503
1795,201708,2017,8,León,2296
1796,201708,2017,8,Oporto,2957
1797,201708,2017,8,Oviedo - C.P.,1760
1798,201708,2017,8,Ponferrada,1663
1799,201708,2017,8,Resto,17009
1800,201708,2017,8,S. Jean P. Port,3919
1801,201708,2017,8,Sarria,16133
1802,201708,2017,8,Tui,6191
1803,201708,2017,8,Valença do Minho,1178
1804,201709,2017,9,Cebreiro,1393
1805,201709,2017,9,Ferrol,1404
1806,201709,2017,9,León,1940
1807,201709,2017,9,Oporto,3573
1808,201709,2017,9,Oviedo - C.P.,1273
1809,201709,2017,9,Ponferrada,1064
1810,201709,2017,9,Resto,12083
1811,201709,2017,9,S. Jean P. Port,3796
1812,201709,2017,9,Sarria,12215
1813,201709,2017,9,Tui,2524
1814,201709,2017,9,Valença do Minho,924
1815,201710,2017,10,Cebreiro,981
1816,201710,2017,10,Ferrol,1025
1817,201710,2017,10,León,1066
1818,201710,2017,10,Oporto,2572
1819,201710,2017,10,Oviedo - C.P.,696
1820,201710,2017,10,Ponferrada,715
1821,201710,2017,10,Resto,8961
1822,201710,2017,10,Roncesvalles,732
1823,201710,2017,10,S. Jean P. Port,5846
1824,201710,2017,10,Sarria,7462
1825,201710,2017,10,Tui,1285
1826,201711,2017,11,Cebreiro,261
1827,201711,2017,11,Ferrol,196
1828,201711,2017,11,Irún,168
1829,201711,2017,11,León,253
1830,201711,2017,11,Oporto,569
1831,201711,2017,11,Oviedo - C.P.,191
1832,201711,2017,11,Resto,2298
1833,201711,2017,11,Roncesvalles,238
1834,201711,2017,11,S. Jean P. Port,1518
1835,201711,2017,11,Sarria,1319
1836,201711,2017,11,Tui,335
1837,201712,2017,12,Cebreiro,142
1838,201712,2017,12,Ferrol,109
1839,201712,2017,12,León,63
1840,201712,2017,12,Oporto,181
1841,201712,2017,12,Pamplona,57
1842,201712,2017,12,Resto,834
1843,201712,2017,12,Roncesvalles,84
1844,201712,2017,12,S. Jean P. Port,330
1845,201712,2017,12,Sarria,739
1846,201712,2017,12,Tui,268
1847,201712,2017,12,Valença do Minho,86
1848,201801,2018,1,Astorga,21
1849,201801,2018,1,Burgos,28
1850,201801,2018,1,Cebreiro,74
1851,201801,2018,1,Ferrol,75
1852,201801,2018,1,León,79
1853,201801,2018,1,Lisboa,19
1854,201801,2018,1,Lugo - C.P.,25
1855,201801,2018,1,Oporto,121
1856,201801,2018,1,Oporto Costa,16
1857,201801,2018,1,Ourense,16
1858,201801,2018,1,Oviedo - C.P.,76
1859,201801,2018,1,Pamplona,54
1860,201801,2018,1,Ponferrada,54
1861,201801,2018,1,Resto,223
1862,201801,2018,1,Roncesvalles,31
1863,201801,2018,1,S. Jean P. Port,201
1864,201801,2018,1,Sarria,383
1865,201801,2018,1,Sevilla,13
1866,201801,2018,1,Tui,66
1867,201801,2018,1,Valença do Minho,36
1868,201801,2018,1,Vilafranca,16
1869,201802,2018,2,Astorga,30
1870,201802,2018,2,Cebreiro,75
1871,201802,2018,2,Ferrol,73
1872,201802,2018,2,León,53
1873,201802,2018,2,Lisboa,25
1874,201802,2018,2,Lugo - C.P.,38
1875,201802,2018,2,Oporto,197
1876,201802,2018,2,Ourense,30
1877,201802,2018,2,Oviedo - C.P.,31
1878,201802,2018,2,Pamplona,49
1879,201802,2018,2,Ponferrada,46
1880,201802,2018,2,Ponte de Lima,31
1881,201802,2018,2,Resto,324
1882,201802,2018,2,Resto Portugal,42
1883,201802,2018,2,Roncesvalles,37
1884,201802,2018,2,S. Jean P. Port,180
1885,201802,2018,2,Sarria,528
1886,201802,2018,2,Sevilla,22
1887,201802,2018,2,Tui,152
1888,201802,2018,2,Valença do Minho,190
1889,201802,2018,2,Viana do Castelo,28
1890,201803,2018,3,Astorga,83
1891,201803,2018,3,Cebreiro,443
1892,201803,2018,3,Ferrol,371
1893,201803,2018,3,León,197
1894,201803,2018,3,Lugo - C.P.,126
1895,201803,2018,3,Oporto,853
1896,201803,2018,3,Oporto Costa,91
1897,201803,2018,3,Ourense,219
1898,201803,2018,3,Oviedo - C.P.,136
1899,201803,2018,3,Pamplona,81
1900,201803,2018,3,Ponferrada,185
1901,201803,2018,3,Porriño,79
1902,201803,2018,3,Resto,1313
1903,201803,2018,3,Roncesvalles,151
1904,201803,2018,3,S. Jean P. Port,362
1905,201803,2018,3,Sarria,4476
1906,201803,2018,3,Triacastela,79
1907,201803,2018,3,Tui,981
1908,201803,2018,3,Valença do Minho,481
1909,201803,2018,3,Vigo,243
1910,201803,2018,3,Vilalba,106
1911,201804,2018,4,Astorga,287
1912,201804,2018,4,Cebreiro,444
1913,201804,2018,4,Ferrol,913
1914,201804,2018,4,Irún,198
1915,201804,2018,4,León,696
1916,201804,2018,4,Lugo - C.P.,275
1917,201804,2018,4,Oporto,2757
1918,201804,2018,4,Oporto Costa,361
1919,201804,2018,4,Ourense,263
1920,201804,2018,4,Oviedo - C.P.,428
1921,201804,2018,4,Pamplona,232
1922,201804,2018,4,Ponferrada,420
1923,201804,2018,4,Ponte de Lima,191
1924,201804,2018,4,Resto,3460
1925,201804,2018,4,Roncesvalles,317
1926,201804,2018,4,S. Jean P. Port,1508
1927,201804,2018,4,Sarria,6613
1928,201804,2018,4,Sevilla,218
1929,201804,2018,4,Triacastela,245
1930,201804,2018,4,Tui,1251
1931,201804,2018,4,Valença do Minho,991
1932,201805,2018,5,León,1606
1933,201805,2018,5,Oporto,4602
1934,201805,2018,5,Resto,17504
1935,201805,2018,5,S. Jean P. Port,5535
1936,201805,2018,5,Sarria,9633
1937,201805,2018,5,Tui,1785
1938,201806,2018,6,Astorga,530
1939,201806,2018,6,Burgos,462
1940,201806,2018,6,Cebreiro,1243
1941,201806,2018,6,Ferrol,1561
1942,201806,2018,6,Irún,918
1943,201806,2018,6,Le Puy,574
1944,201806,2018,6,León,1663
1945,201806,2018,6,Lisboa,407
1946,201806,2018,6,Lugo - C.P.,433
1947,201806,2018,6,Oporto,3562
1948,201806,2018,6,Oporto Costa,781
1949,201806,2018,6,Ourense,433
1950,201806,2018,6,Oviedo - C.P.,1318
1951,201806,2018,6,Pamplona,572
1952,201806,2018,6,Ponferrada,921
1953,201806,2018,6,Resto,8099
1954,201806,2018,6,Roncesvalles,881
1955,201806,2018,6,S. Jean P. Port,6042
1956,201806,2018,6,Sarria,11793
1957,201806,2018,6,Tui,2587
1958,201806,2018,6,Valença do Minho,905
1959,201807,2018,7,Astorga,1358
1960,201807,2018,7,Burgos,466
1961,201807,2018,7,Cebreiro,1578
1962,201807,2018,7,Ferrol,2742
1963,201807,2018,7,Irún,860
1964,201807,2018,7,León,1369
1965,201807,2018,7,Lugo - C.P.,879
1966,201807,2018,7,Oporto,3057
1967,201807,2018,7,Oporto Costa,820
1968,201807,2018,7,Ourense,906
1969,201807,2018,7,Oviedo - C.P.,1321
1970,201807,2018,7,Ponferrada,1148
1971,201807,2018,7,Porriño,486
1972,201807,2018,7,Resto,9807
1973,201807,2018,7,Ribadeo,456
1974,201807,2018,7,Roncesvalles,710
1975,201807,2018,7,S. Jean P. Port,3912
1976,201807,2018,7,Sarria,12898
1977,201807,2018,7,Tui,4035
1978,201807,2018,7,Valença do Minho,1410
1979,201807,2018,7,Vilafranca,649
1980,201808,2018,8,Astorga,764
1981,201808,2018,8,Cebreiro,1816
1982,201808,2018,8,Ferrol,2876
1983,201808,2018,8,Irún,1067
1984,201808,2018,8,León,1989
1985,201808,2018,8,Lugo - C.P.,992
1986,201808,2018,8,Oporto,3015
1987,201808,2018,8,Oporto Costa,927
1988,201808,2018,8,Ourense,848
1989,201808,2018,8,Oviedo - C.P.,1907
1990,201808,2018,8,Ponferrada,1699
1991,201808,2018,8,Resto,10348
1992,201808,2018,8,Resto Asturias - C.N,525
1993,201808,2018,8,Roncesvalles,1026
1994,201808,2018,8,S. Jean P. Port,3700
1995,201808,2018,8,Sarria,18274
1996,201808,2018,8,Triacastela,745
1997,201808,2018,8,Tui,5308
1998,201808,2018,8,Valença do Minho,1566
1999,201808,2018,8,Vigo,516
2000,201808,2018,8,Vilafranca,507
2001,201809,2018,9,Astorga,728
2002,201809,2018,9,Baiona,480
2003,201809,2018,9,Burgos,471
2004,201809,2018,9,Cebreiro,1219
2005,201809,2018,9,Ferrol,1727
2006,201809,2018,9,Irún,820
2007,201809,2018,9,Le Puy,526
2008,201809,2018,9,León,1868
2009,201809,2018,9,Lugo - C.P.,537
2010,201809,2018,9,Oporto,4526
2011,201809,2018,9,Oporto Costa,1286
2012,201809,2018,9,Ourense,442
2013,201809,2018,9,Oviedo - C.P.,1371
2014,201809,2018,9,Pamplona,479
2015,201809,2018,9,Ponferrada,1007
2016,201809,2018,9,Resto,7417
2017,201809,2018,9,Roncesvalles,728
2018,201809,2018,9,S. Jean P. Port,3602
2019,201809,2018,9,Sarria,13293
2020,201809,2018,9,Tui,3221
2021,201809,2018,9,Valença do Minho,1258
2022,201810,2018,10,Astorga,407
2023,201810,2018,10,Burgos,330
2024,201810,2018,10,Cebreiro,887
2025,201810,2018,10,Ferrol,1212
2026,201810,2018,10,Irún,671
2027,201810,2018,10,Le Puy,384
2028,201810,2018,10,León,1121
2029,201810,2018,10,Lisboa,364
2030,201810,2018,10,Lugo - C.P.,290
2031,201810,2018,10,Oporto,3340
2032,201810,2018,10,Oporto Costa,937
2033,201810,2018,10,Oviedo - C.P.,866
2034,201810,2018,10,Pamplona,469
2035,201810,2018,10,Ponferrada,665
2036,201810,2018,10,Resto,5972
2037,201810,2018,10,Resto Portugal,283
2038,201810,2018,10,Roncesvalles,706
2039,201810,2018,10,S. Jean P. Port,5891
2040,201810,2018,10,Sarria,8486
2041,201810,2018,10,Tui,1503
2042,201810,2018,10,Valença do Minho,818
2043,201811,2018,11,Astorga,82
2044,201811,2018,11,Burgos,69
2045,201811,2018,11,Cebreiro,176
2046,201811,2018,11,Ferrol,262
2047,201811,2018,11,Irún,168
2048,201811,2018,11,Le Puy,135
2049,201811,2018,11,León,193
2050,201811,2018,11,Lisboa,87
2051,201811,2018,11,Oporto,618
2052,201811,2018,11,Oporto Costa,126
2053,201811,2018,11,Ourense,89
2054,201811,2018,11,Oviedo - C.P.,158
2055,201811,2018,11,Pamplona,120
2056,201811,2018,11,Ponferrada,137
2057,201811,2018,11,Resto,1252
2058,201811,2018,11,Roncesvalles,167
2059,201811,2018,11,S. Jean P. Port,1604
2060,201811,2018,11,Sarria,1632
2061,201811,2018,11,Sevilla,100
2062,201811,2018,11,Tui,302
2063,201811,2018,11,Valença do Minho,174
2064,201812,2018,12,A Coruña,35
2065,201812,2018,12,Cebreiro,110
2066,201812,2018,12,Ferrol,121
2067,201812,2018,12,Irún,43
2068,201812,2018,12,León,81
2069,201812,2018,12,Lisboa,34
2070,201812,2018,12,Lugo - C.P.,31
2071,201812,2018,12,Oporto,191
2072,201812,2018,12,Oporto Costa,34
2073,201812,2018,12,Ourense,30
2074,201812,2018,12,Oviedo - C.P.,73
2075,201812,2018,12,Pamplona,54
2076,201812,2018,12,Ponferrada,69
2077,201812,2018,12,Resto,471
2078,201812,2018,12,Roncesvalles,67
2079,201812,2018,12,S. Jean P. Port,362
2080,201812,2018,12,Sarria,500
2081,201812,2018,12,Sevilla,30
2082,201812,2018,12,Tui,116
2083,201812,2018,12,Valença do Minho,67
2084,201812,2018,12,Vilafranca,34
2085,201901,2019,1,Astorga,25
2086,201901,2019,1,Burgos,26
2087,201901,2019,1,Cebreiro,93
2088,201901,2019,1,Ferrol,82
2089,201901,2019,1,León,54
2090,201901,2019,1,Lisboa,22
2091,201901,2019,1,Logroño,17
2092,201901,2019,1,Lugo - C.P.,13
2093,201901,2019,1,Oporto,187
2094,201901,2019,1,Oporto Costa,20
2095,201901,2019,1,Ourense,15
2096,201901,2019,1,Oviedo - C.P.,37
2097,201901,2019,1,Pamplona,47
2098,201901,2019,1,Ponferrada,45
2099,201901,2019,1,Resto,239
2100,201901,2019,1,Roncesvalles,27
2101,201901,2019,1,S. Jean P. Port,186
2102,201901,2019,1,Sarria,333
2103,201901,2019,1,Sevilla,19
2104,201901,2019,1,Tui,106
2105,201901,2019,1,Valença do Minho,58
2106,201902,2019,2,Astorga,15
2107,201902,2019,2,Burgos,20
2108,201902,2019,2,Cebreiro,38
2109,201902,2019,2,Ferrol,94
2110,201902,2019,2,León,103
2111,201902,2019,2,Lisboa,22
2112,201902,2019,2,Lugo - C.P.,38
2113,201902,2019,2,Oporto,209
2114,201902,2019,2,Oporto Costa,45
2115,201902,2019,2,Oviedo - C.P.,45
2116,201902,2019,2,Pamplona,49
2117,201902,2019,2,Ponferrada,38
2118,201902,2019,2,Resto,262
2119,201902,2019,2,Resto Portugal,14
2120,201902,2019,2,Ribadeo,16
2121,201902,2019,2,Roncesvalles,23
2122,201902,2019,2,S. Jean P. Port,181
2123,201902,2019,2,Sarria,682
2124,201902,2019,2,Sevilla,22
2125,201902,2019,2,Tui,75
2126,201902,2019,2,Valença do Minho,128
2127,201903,2019,3,Astorga,76
2128,201903,2019,3,Cebreiro,218
2129,201903,2019,3,Ferrol,372
2130,201903,2019,3,León,187
2131,201903,2019,3,Lisboa,64
2132,201903,2019,3,Lugo - C.P.,68
2133,201903,2019,3,Oporto,979
2134,201903,2019,3,Oporto Costa,230
2135,201903,2019,3,Ourense,157
2136,201903,2019,3,Oviedo - C.P.,118
2137,201903,2019,3,Pamplona,76
2138,201903,2019,3,Ponferrada,158
2139,201903,2019,3,Resto,951
2140,201903,2019,3,Resto Portugal,60
2141,201903,2019,3,Roncesvalles,100
2142,201903,2019,3,S. Jean P. Port,342
2143,201903,2019,3,Sarria,2243
2144,201903,2019,3,Sevilla,95
2145,201903,2019,3,Tui,581
2146,201903,2019,3,Valença do Minho,325
2147,201903,2019,3,Vigo,74
2148,201904,2019,4,Astorga,368
2149,201904,2019,4,Cebreiro,863
2150,201904,2019,4,Ferrol,1390
2151,201904,2019,4,Irún,234
2152,201904,2019,4,León,742
2153,201904,2019,4,Lugo - C.P.,539
2154,201904,2019,4,Oporto,2913
2155,201904,2019,4,Oporto Costa,811
2156,201904,2019,4,Ourense,493
2157,201904,2019,4,Oviedo - C.P.,521
2158,201904,2019,4,Ponferrada,556
2159,201904,2019,4,Ponte de Lima,262
2160,201904,2019,4,Porriño,448
2161,201904,2019,4,Resto,4751
2162,201904,2019,4,Resto Portugal,249
2163,201904,2019,4,Roncesvalles,419
2164,201904,2019,4,S. Jean P. Port,1678
2165,201904,2019,4,Sarria,10638
2166,201904,2019,4,Tui,1786
2167,201904,2019,4,Valença do Minho,1721
2168,201904,2019,4,Vigo,340
2169,201905,2019,5,Astorga,587
2170,201905,2019,5,Cebreiro,1094
2171,201905,2019,5,Ferrol,1702
2172,201905,2019,5,Irún,655
2173,201905,2019,5,Le Puy,668
2174,201905,2019,5,León,1511
2175,201905,2019,5,Lisboa,466
2176,201905,2019,5,Lugo - C.P.,518
2177,201905,2019,5,Oporto,5416
2178,201905,2019,5,Oporto Costa,1429
2179,201905,2019,5,Oviedo - C.P.,1167
2180,201905,2019,5,Pamplona,561
2181,201905,2019,5,Ponferrada,908
2182,201905,2019,5,Resto,7865
2183,201905,2019,5,Roncesvalles,714
2184,201905,2019,5,S. Jean P. Port,5405
2185,201905,2019,5,Samos,398
2186,201905,2019,5,Sarria,11665
2187,201905,2019,5,Sevilla,507
2188,201905,2019,5,Tui,2194
2189,201905,2019,5,Valença do Minho,1243
2190,201906,2019,6,Astorga,609
2191,201906,2019,6,Cebreiro,964
2192,201906,2019,6,Ferrol,1839
2193,201906,2019,6,Irún,942
2194,201906,2019,6,Le Puy,472
2195,201906,2019,6,León,1719
2196,201906,2019,6,Lisboa,443
2197,201906,2019,6,Lugo - C.P.,546
2198,201906,2019,6,Oporto,4031
2199,201906,2019,6,Oporto Costa,1797
2200,201906,2019,6,Ourense,483
2201,201906,2019,6,Oviedo - C.P.,1450
2202,201906,2019,6,Pamplona,554
2203,201906,2019,6,Ponferrada,900
2204,201906,2019,6,Resto,8636
2205,201906,2019,6,Roncesvalles,875
2206,201906,2019,6,S. Jean P. Port,6106
2207,201906,2019,6,Sarria,12915
2208,201906,2019,6,Sevilla,418
2209,201906,2019,6,Tui,2272
2210,201906,2019,6,Valença do Minho,1087
2211,201907,2019,7,Astorga,1125
2212,201907,2019,7,Cebreiro,1368
2213,201907,2019,7,Ferrol,2454
2214,201907,2019,7,Irún,895
2215,201907,2019,7,León,1284
2216,201907,2019,7,Lugo - C.P.,718
2217,201907,2019,7,Muxia,462
2218,201907,2019,7,Oporto,2695
2219,201907,2019,7,Oporto Costa,1460
2220,201907,2019,7,Ourense,1131
2221,201907,2019,7,Oviedo - C.P.,1426
2222,201907,2019,7,Ponferrada,1112
2223,201907,2019,7,Porriño,452
2224,201907,2019,7,Resto,10731
2225,201907,2019,7,Roncesvalles,561
2226,201907,2019,7,S. Jean P. Port,3930
2227,201907,2019,7,Sarria,14356
2228,201907,2019,7,Triacastela,540
2229,201907,2019,7,Tui,4442
2230,201907,2019,7,Valença do Minho,1709
2231,201907,2019,7,Vilalba,468
2232,201908,2019,8,Astorga,643
2233,201908,2019,8,Cebreiro,1559
2234,201908,2019,8,Ferrol,3554
2235,201908,2019,8,Irún,1033
2236,201908,2019,8,León,2063
2237,201908,2019,8,Lugo - C.P.,987
2238,201908,2019,8,Oporto,3113
2239,201908,2019,8,Oporto Costa,1900
2240,201908,2019,8,Ourense,690
2241,201908,2019,8,Oviedo - C.P.,2023
2242,201908,2019,8,Ponferrada,1294
2243,201908,2019,8,Porriño,507
2244,201908,2019,8,Resto,10595
2245,201908,2019,8,Roncesvalles,899
2246,201908,2019,8,S. Jean P. Port,3629
2247,201908,2019,8,Sarria,18647
2248,201908,2019,8,Triacastela,864
2249,201908,2019,8,Tui,6037
2250,201908,2019,8,Valença do Minho,1821
2251,201908,2019,8,Vigo,500
2252,201908,2019,8,Vilafranca,456
2253,201909,2019,9,Astorga,581
2254,201909,2019,9,Baiona,456
2255,201909,2019,9,Burgos,363
2256,201909,2019,9,Cebreiro,1222
2257,201909,2019,9,Ferrol,1949
2258,201909,2019,9,Irún,760
2259,201909,2019,9,Le Puy,512
2260,201909,2019,9,León,1472
2261,201909,2019,9,Lugo - C.P.,422
2262,201909,2019,9,Oporto,4078
2263,201909,2019,9,Oporto Costa,2115
2264,201909,2019,9,Oviedo - C.P.,1471
2265,201909,2019,9,Pamplona,341
2266,201909,2019,9,Ponferrada,969
2267,201909,2019,9,Resto,6794
2268,201909,2019,9,Roncesvalles,582
2269,201909,2019,9,S. Jean P. Port,3631
2270,201909,2019,9,Sarria,13430
2271,201909,2019,9,Tui,2813
2272,201909,2019,9,Valença do Minho,1146
2273,201909,2019,9,Vigo,546
2274,201910,2019,10,Astorga,369
2275,201910,2019,10,Cebreiro,628
2276,201910,2019,10,Ferrol,1218
2277,201910,2019,10,Francia - C.F.,265
2278,201910,2019,10,Irún,787
2279,201910,2019,10,Le Puy,439
2280,201910,2019,10,León,1070
2281,201910,2019,10,Lisboa,367
2282,201910,2019,10,Oporto,3477
2283,201910,2019,10,Oporto Costa,1355
2284,201910,2019,10,Ourense,346
2285,201910,2019,10,Oviedo - C.P.,986
2286,201910,2019,10,Pamplona,379
2287,201910,2019,10,Ponferrada,562
2288,201910,2019,10,Resto,5114
2289,201910,2019,10,Roncesvalles,524
2290,201910,2019,10,S. Jean P. Port,5989
2291,201910,2019,10,Sarria,9018
2292,201910,2019,10,Sevilla,267
2293,201910,2019,10,Tui,2034
2294,201910,2019,10,Valença do Minho,924
2295,201911,2019,11,Cebreiro,247
2296,201911,2019,11,Ferrol,316
2297,201911,2019,11,Francia - C.F.,84
2298,201911,2019,11,Irún,177
2299,201911,2019,11,Le Puy,137
2300,201911,2019,11,León,227
2301,201911,2019,11,Lisboa,76
2302,201911,2019,11,Lugo - C.P.,72
2303,201911,2019,11,Oporto,652
2304,201911,2019,11,Oporto Costa,199
2305,201911,2019,11,Ourense,77
2306,201911,2019,11,Oviedo - C.P.,223
2307,201911,2019,11,Pamplona,97
2308,201911,2019,11,Ponferrada,171
2309,201911,2019,11,Resto,1334
2310,201911,2019,11,Roncesvalles,140
2311,201911,2019,11,S. Jean P. Port,1737
2312,201911,2019,11,Sarria,1597
2313,201911,2019,11,Sevilla,99
2314,201911,2019,11,Tui,370
2315,201911,2019,11,Valença do Minho,242
2316,201912,2019,12,Astorga,44
2317,201912,2019,12,Burgos,27
2318,201912,2019,12,Cebreiro,73
2319,201912,2019,12,Ferrol,129
2320,201912,2019,12,Irún,40
2321,201912,2019,12,Le Puy,27
2322,201912,2019,12,León,73
2323,201912,2019,12,Lisboa,26
2324,201912,2019,12,Oporto,174
2325,201912,2019,12,Oporto Costa,60
2326,201912,2019,12,Oviedo - C.P.,64
2327,201912,2019,12,Pamplona,55
2328,201912,2019,12,Ponferrada,91
2329,201912,2019,12,Resto,515
2330,201912,2019,12,Roncesvalles,56
2331,201912,2019,12,S. Jean P. Port,383
2332,201912,2019,12,Sarria,603
2333,201912,2019,12,Sevilla,46
2334,201912,2019,12,Tui,104
2335,201912,2019,12,Valença do Minho,86
2336,201912,2019,12,Vigo,34
2337,202001,2020,1,Astorga,28
2338,202001,2020,1,Burgos,22
2339,202001,2020,1,Cebreiro,42
2340,202001,2020,1,Ferrol,136
2341,202001,2020,1,Irún,22
2342,202001,2020,1,León,128
2343,202001,2020,1,Lisboa,22
2344,202001,2020,1,Oporto,210
2345,202001,2020,1,Oporto Costa,54
2346,202001,2020,1,Oviedo - C.P.,29
2347,202001,2020,1,Pamplona,40
2348,202001,2020,1,Ponferrada,57
2349,202001,2020,1,Ponferrada. C.Inv.,23
2350,202001,2020,1,Resto,285
2351,202001,2020,1,Resto Asturias - C.N,29
2352,202001,2020,1,Roncesvalles,30
2353,202001,2020,1,S. Jean P. Port,248
2354,202001,2020,1,Sarria,428
2355,202001,2020,1,Tui,90
2356,202001,2020,1,Valença do Minho,62
2357,202001,2020,1,Vigo,16
2358,202002,2020,2,Astorga,24
2359,202002,2020,2,Cebreiro,146
2360,202002,2020,2,Ferrol,178
2361,202002,2020,2,León,102
2362,202002,2020,2,Lisboa,46
2363,202002,2020,2,Monforte de Lemos,23
2364,202002,2020,2,Oporto,313
2365,202002,2020,2,Oporto Costa,99
2366,202002,2020,2,Ourense,23
2367,202002,2020,2,Oviedo - C.P.,62
2368,202002,2020,2,Pamplona,44
2369,202002,2020,2,Ponferrada,38
2370,202002,2020,2,Ponte de Lima,26
2371,202002,2020,2,Porriño,33
2372,202002,2020,2,Resto,416
2373,202002,2020,2,Roncesvalles,43
2374,202002,2020,2,S. Jean P. Port,330
2375,202002,2020,2,Sarria,812
2376,202002,2020,2,Sevilla,34
2377,202002,2020,2,Tui,153
2378,202002,2020,2,Valença do Minho,131
2379,202003,2020,3,Baiona,21
2380,202003,2020,3,Burgos,21
2381,202003,2020,3,Cebreiro,34
2382,202003,2020,3,Ferrol,102
2383,202003,2020,3,León,49
2384,202003,2020,3,Lisboa,24
2385,202003,2020,3,Lugo - C.P.,31
2386,202003,2020,3,Oporto,280
2387,202003,2020,3,Oporto Costa,40
2388,202003,2020,3,Ourense,34
2389,202003,2020,3,Oviedo - C.P.,31
2390,202003,2020,3,Pamplona,17
2391,202003,2020,3,Ponferrada,38
2392,202003,2020,3,Resto,220
2393,202003,2020,3,Roncesvalles,31
2394,202003,2020,3,S. Jean P. Port,133
2395,202003,2020,3,Sarria,654
2396,202003,2020,3,Sevilla,15
2397,202003,2020,3,Triacastela,34
2398,202003,2020,3,Tui,78
2399,202003,2020,3,Valença do Minho,61
2400,202006,2020,6,Baiona,1
2401,202006,2020,6,Ferrol,4
2402,202006,2020,6,Gijón,1
2403,202006,2020,6,Lugo - C.P.,1
2404,202006,2020,6,Sarria,5
2405,202007,2020,7,A Guarda,104
2406,202007,2020,7,Astorga,112
2407,202007,2020,7,Burgos,75
2408,202007,2020,7,Cebreiro,286
2409,202007,2020,7,Ferrol,691
2410,202007,2020,7,Irún,84
2411,202007,2020,7,León,288
2412,202007,2020,7,Lugo - C.P.,168
2413,202007,2020,7,Oporto,386
2414,202007,2020,7,Oporto Costa,155
2415,202007,2020,7,Ourense,127
2416,202007,2020,7,Oviedo - C.P.,406
2417,202007,2020,7,Ponferrada,313
2418,202007,2020,7,Resto,1638
2419,202007,2020,7,Roncesvalles,212
2420,202007,2020,7,S. Jean P. Port,244
2421,202007,2020,7,Sarria,3196
2422,202007,2020,7,Tui,923
2423,202007,2020,7,Valença do Minho,167
2424,202007,2020,7,Vigo,99
2425,202007,2020,7,Vilafranca,78
2426,202008,2020,8,A Guarda,178
2427,202008,2020,8,Astorga,256
2428,202008,2020,8,Baiona,222
2429,202008,2020,8,Cebreiro,520
2430,202008,2020,8,Ferrol,945
2431,202008,2020,8,Irún,368
2432,202008,2020,8,León,585
2433,202008,2020,8,Lugo - C.P.,351
2434,202008,2020,8,Oporto,830
2435,202008,2020,8,Oporto Costa,315
2436,202008,2020,8,Oviedo - C.P.,790
2437,202008,2020,8,Ponferrada,532
2438,202008,2020,8,Resto,4468
2439,202008,2020,8,Ribadeo,192
2440,202008,2020,8,Roncesvalles,347
2441,202008,2020,8,S. Jean P. Port,832
2442,202008,2020,8,Sarria,5701
2443,202008,2020,8,Tui,1690
2444,202008,2020,8,Valença do Minho,374
2445,202008,2020,8,Vigo,159
2446,202008,2020,8,Vilafranca,157
2447,202009,2020,9,Astorga,123
2448,202009,2020,9,Baiona,91
2449,202009,2020,9,Burgos,82
2450,202009,2020,9,Cebreiro,284
2451,202009,2020,9,Ferrol,525
2452,202009,2020,9,Irún,206
2453,202009,2020,9,Le Puy,115
2454,202009,2020,9,León,255
2455,202009,2020,9,Lugo - C.P.,126
2456,202009,2020,9,Oporto,640
2457,202009,2020,9,Oporto Costa,206
2458,202009,2020,9,Oviedo - C.P.,511
2459,202009,2020,9,Pamplona,77
2460,202009,2020,9,Ponferrada,292
2461,202009,2020,9,Resto,2184
2462,202009,2020,9,Roncesvalles,235
2463,202009,2020,9,S. Jean P. Port,583
2464,202009,2020,9,Sarria,2713
2465,202009,2020,9,Tui,840
2466,202009,2020,9,Valença do Minho,260
2467,202009,2020,9,Vilafranca,93
2468,202010,2020,10,Astorga,82
2469,202010,2020,10,Cebreiro,169
2470,202010,2020,10,Ferrol,259
2471,202010,2020,10,Francia - C.F.,85
2472,202010,2020,10,Irún,125
2473,202010,2020,10,Le Puy,136
2474,202010,2020,10,León,128
2475,202010,2020,10,Lisboa,94
2476,202010,2020,10,Lugo - C.P.,64
2477,202010,2020,10,Oporto,483
2478,202010,2020,10,Oporto Costa,117
2479,202010,2020,10,Oviedo - C.P.,267
2480,202010,2020,10,Pamplona,63
2481,202010,2020,10,Ponferrada,145
2482,202010,2020,10,Resto,1408
2483,202010,2020,10,Roncesvalles,173
2484,202010,2020,10,S. Jean P. Port,613
2485,202010,2020,10,Sarria,1335
2486,202010,2020,10,Sevilla,68
2487,202010,2020,10,Tui,375
2488,202010,2020,10,Valença do Minho,229
2489,202011,2020,11,Alemania,5
2490,202011,2020,11,Astorga,7
2491,202011,2020,11,Cebreiro,7
2492,202011,2020,11,Ferrol,8
2493,202011,2020,11,Francia - C.F.,23
2494,202011,2020,11,Irún,22
2495,202011,2020,11,Le Puy,50
2496,202011,2020,11,Lisboa,16
2497,202011,2020,11,Lourdes,5
2498,202011,2020,11,Madrid - C.F.,7
2499,202011,2020,11,Oporto,24
2500,202011,2020,11,Oviedo - C.P.,13
2501,202011,2020,11,Pamplona,33
2502,202011,2020,11,Resto,127
2503,202011,2020,11,Roncesvalles,31
2504,202011,2020,11,S. Jean P. Port,147
2505,202011,2020,11,San Sebastián,5
2506,202011,2020,11,Santander,6
2507,202011,2020,11,Sarria,25
2508,202011,2020,11,Sevilla,18
2509,202011,2020,11,Vilafranca,6
2510,202012,2020,12,Alemania,1
2511,202012,2020,12,Bélgica,1
2512,202012,2020,12,Cebreiro,6
2513,202012,2020,12,Com. Valenciana - O.C.,1
2514,202012,2020,12,Francia - C.F.,3
2515,202012,2020,12,Gudiña,12
2516,202012,2020,12,León,2
2517,202012,2020,12,Lisboa,4
2518,202012,2020,12,Oporto,21
2519,202012,2020,12,Ourense,3
2520,202012,2020,12,Ponferrada. C.Inv.,2
2521,202012,2020,12,Resto,8
2522,202012,2020,12,Resto de Galicia,1
2523,202012,2020,12,Resto de Portugal,1
2524,202012,2020,12,S. Jean P. Port,1
2525,202012,2020,12,Sarria,10
2526,202012,2020,12,Sevilla,5
2527,202012,2020,12,Tui,8
2528,202012,2020,12,Valença do Minho,4
2529,202012,2020,12,Vega de Valcarce,4
2530,202012,2020,12,Vezelay,1
2531,202101,2021,1,Alemania,2
2532,202101,2021,1,Astorga,1
2533,202101,2021,1,Cebreiro,6
2534,202101,2021,1,Ferrol,5
2535,202101,2021,1,Fonsagrada - C.P.,1
2536,202101,2021,1,Irún,1
2537,202101,2021,1,Laza,1
2538,202101,2021,1,Lisboa,2
2539,202101,2021,1,Oporto,9
2540,202101,2021,1,Oporto Costa,1
2541,202101,2021,1,Oviedo - C.P.,2
2542,202101,2021,1,Resto,6
2543,202101,2021,1,S. Jean P. Port,5
2544,202101,2021,1,Sahagún,1
2545,202101,2021,1,San Sebastián,1
2546,202101,2021,1,Sarria,10
2547,202101,2021,1,Sevilla,1
2548,202101,2021,1,Tui,2
2549,202101,2021,1,Valença do Minho,1
2550,202101,2021,1,Vigo,1
2551,202101,2021,1,Vilafranca,1
2552,202102,2021,2,Cebreiro,1
2553,202102,2021,2,Francia - C.F.,1
2554,202102,2021,2,Le Puy,1
2555,202102,2021,2,Lisboa,3
2556,202102,2021,2,Oviedo - C.P.,2
2557,202102,2021,2,Republica Checa,1
2558,202102,2021,2,S. Jean P. Port,1
2559,202102,2021,2,Sarria,4
2560,202103,2021,3,A Coruña,4
2561,202103,2021,3,A Guarda,2
2562,202103,2021,3,Cebreiro,31
2563,202103,2021,3,Ferrol,25
2564,202103,2021,3,Francia - C.F.,2
2565,202103,2021,3,León,2
2566,202103,2021,3,Lisboa,2
2567,202103,2021,3,Lugo - C.P.,5
2568,202103,2021,3,Madrid - C.F.,2
2569,202103,2021,3,Monforte de Lemos,2
2570,202103,2021,3,Montserrat,1
2571,202103,2021,3,O Barco de Valdeorras,1
2572,202103,2021,3,Ourense,3
2573,202103,2021,3,Oviedo - C.P.,5
2574,202103,2021,3,Ponferrada,4
2575,202103,2021,3,Ponferrada. C.Inv.,1
2576,202103,2021,3,Resto,12
2577,202103,2021,3,Sarria,70
2578,202103,2021,3,Sevilla,2
2579,202103,2021,3,Tui,12
2580,202103,2021,3,Vigo,6
2581,202104,2021,4,A Coruña,11
2582,202104,2021,4,Burgos,7
2583,202104,2021,4,Cebreiro,138
2584,202104,2021,4,Ferrol,67
2585,202104,2021,4,Finisterra,13
2586,202104,2021,4,Fonsagrada - C.P.,16
2587,202104,2021,4,León,14
2588,202104,2021,4,Lugo - C.P.,30
2589,202104,2021,4,Oporto,17
2590,202104,2021,4,Ourense,51
2591,202104,2021,4,Oviedo - C.P.,12
2592,202104,2021,4,Pamplona,10
2593,202104,2021,4,Ponferrada,12
2594,202104,2021,4,Resto,125
2595,202104,2021,4,S. Jean P. Port,7
2596,202104,2021,4,Samos,7
2597,202104,2021,4,Sarria,287
2598,202104,2021,4,Triacastela,7
2599,202104,2021,4,Tui,155
2600,202104,2021,4,Valença do Minho,10
2601,202104,2021,4,Vigo,28
2602,202105,2021,5,A Guarda,39
2603,202105,2021,5,Astorga,40
2604,202105,2021,5,Cebreiro,226
2605,202105,2021,5,Ferrol,334
2606,202105,2021,5,Irún,47
2607,202105,2021,5,León,100
2608,202105,2021,5,Lugo - C.P.,95
2609,202105,2021,5,Madrid - C.F.,47
2610,202105,2021,5,Oporto,194
2611,202105,2021,5,Oporto Costa,39
2612,202105,2021,5,Ourense,52
2613,202105,2021,5,Oviedo - C.P.,136
2614,202105,2021,5,Ponferrada,79
2615,202105,2021,5,Ponte de Lima,48
2616,202105,2021,5,Resto,926
2617,202105,2021,5,Roncesvalles,81
2618,202105,2021,5,S. Jean P. Port,67
2619,202105,2021,5,Sarria,1289
2620,202105,2021,5,Tui,272
2621,202105,2021,5,Valença do Minho,142
2622,202105,2021,5,Verín,42
2623,202106,2021,6,Astorga,171
2624,202106,2021,6,Barcelona,229
2625,202106,2021,6,Cebreiro,412
2626,202106,2021,6,Com. Valenciana - C.F.,108
2627,202106,2021,6,Ferrol,707
2628,202106,2021,6,Irún,172
2629,202106,2021,6,León,382
2630,202106,2021,6,Lugo - C.P.,182
2631,202106,2021,6,Madrid - C.F.,135
2632,202106,2021,6,Oporto,811
2633,202106,2021,6,Oporto Costa,168
2634,202106,2021,6,Ourense,131
2635,202106,2021,6,Oviedo - C.P.,463
2636,202106,2021,6,Pamplona,124
2637,202106,2021,6,Ponferrada,243
2638,202106,2021,6,Resto,3294
2639,202106,2021,6,Roncesvalles,315
2640,202106,2021,6,S. Jean P. Port,359
2641,202106,2021,6,Sarria,4708
2642,202106,2021,6,Tui,1140
2643,202106,2021,6,Valença do Minho,570
2644,202107,2021,7,A Guarda,392
2645,202107,2021,7,Astorga,389
2646,202107,2021,7,Cebreiro,936
2647,202107,2021,7,Ferrol,2101
2648,202107,2021,7,Irún,395
2649,202107,2021,7,León,717
2650,202107,2021,7,Lugo - C.P.,722
2651,202107,2021,7,Oporto,1126
2652,202107,2021,7,Oporto Costa,336
2653,202107,2021,7,Ourense,310
2654,202107,2021,7,Oviedo - C.P.,1024
2655,202107,2021,7,Ponferrada,922
2656,202107,2021,7,Resto,7161
2657,202107,2021,7,Ribadeo,305
2658,202107,2021,7,Roncesvalles,513
2659,202107,2021,7,S. Jean P. Port,935
2660,202107,2021,7,Sarria,11243
2661,202107,2021,7,Tui,3151
2662,202107,2021,7,Valença do Minho,621
2663,202107,2021,7,Vigo,346
2664,202107,2021,7,Vilafranca,318
2665,202108,2021,8,Astorga,383
2666,202108,2021,8,Baiona,397
2667,202108,2021,8,Cebreiro,1027
2668,202108,2021,8,Com. Valenciana - C.F.,435
2669,202108,2021,8,Ferrol,2959
2670,202108,2021,8,Irún,474
2671,202108,2021,8,León,968
2672,202108,2021,8,Lugo - C.P.,795
2673,202108,2021,8,Oporto,1318
2674,202108,2021,8,Oporto Costa,474
2675,202108,2021,8,Ourense,365
2676,202108,2021,8,Oviedo - C.P.,1365
2677,202108,2021,8,Ponferrada,892
2678,202108,2021,8,Resto,8226
2679,202108,2021,8,Ribadeo,385
2680,202108,2021,8,Roncesvalles,680
2681,202108,2021,8,S. Jean P. Port,1343
2682,202108,2021,8,Sarria,15201
2683,202108,2021,8,Tui,4463
2684,202108,2021,8,Valença do Minho,1030
2685,202108,2021,8,Vigo,395
2686,202109,2021,9,Astorga,447
2687,202109,2021,9,Barcelona,312
2688,202109,2021,9,Cebreiro,1057
2689,202109,2021,9,Ferrol,1995
2690,202109,2021,9,Irún,447
2691,202109,2021,9,Le Puy,378
2692,202109,2021,9,León,900
2693,202109,2021,9,Lugo - C.P.,444
2694,202109,2021,9,Madrid - C.F.,316
2695,202109,2021,9,Oporto,2282
2696,202109,2021,9,Oporto Costa,617
2697,202109,2021,9,Oviedo - C.P.,1367
2698,202109,2021,9,Ponferrada,676
2699,202109,2021,9,Resto,7402
2700,202109,2021,9,Resto Galicia,341
2701,202109,2021,9,Roncesvalles,599
2702,202109,2021,9,S. Jean P. Port,1664
2703,202109,2021,9,Sarria,11878
2704,202109,2021,9,Tui,2989
2705,202109,2021,9,Valença do Minho,1022
2706,202109,2021,9,Vigo,330
2707,202110,2021,10,Astorga,308
2708,202110,2021,10,Cebreiro,690
2709,202110,2021,10,Ferrol,1568
2710,202110,2021,10,Irún,481
2711,202110,2021,10,Le Puy,354
2712,202110,2021,10,León,677
2713,202110,2021,10,Lugo - C.P.,307
2714,202110,2021,10,Oporto,2193
2715,202110,2021,10,Oporto Costa,615
2716,202110,2021,10,Ourense,309
2717,202110,2021,10,Oviedo - C.P.,1115
2718,202110,2021,10,Pamplona,310
2719,202110,2021,10,Ponferrada,651
2720,202110,2021,10,Resto,6451
2721,202110,2021,10,Roncesvalles,625
2722,202110,2021,10,S. Jean P. Port,2705
2723,202110,2021,10,Sarria,8047
2724,202110,2021,10,Sevilla,266
2725,202110,2021,10,Tui,2155
2726,202110,2021,10,Valença do Minho,1081
2727,202110,2021,10,Vigo,262
2728,202111,2021,11,A Guarda,84
2729,202111,2021,11,Cebreiro,301
2730,202111,2021,11,Ferrol,629
2731,202111,2021,11,Francia - C.F.,109
2732,202111,2021,11,Irún,139
2733,202111,2021,11,Le Puy,129
2734,202111,2021,11,León,178
2735,202111,2021,11,Lugo - C.P.,127
2736,202111,2021,11,Oporto,617
2737,202111,2021,11,Oporto Costa,206
2738,202111,2021,11,Ourense,120
2739,202111,2021,11,Oviedo - C.P.,241
2740,202111,2021,11,Pamplona,110
2741,202111,2021,11,Ponferrada,153
2742,202111,2021,11,Resto,1904
2743,202111,2021,11,Roncesvalles,174
2744,202111,2021,11,S. Jean P. Port,877
2745,202111,2021,11,Sarria,2055
2746,202111,2021,11,Sevilla,87
2747,202111,2021,11,Tui,544
2748,202111,2021,11,Valença do Minho,310
2749,202112,2021,12,A Guarda,11
2750,202112,2021,12,Astorga,11
2751,202112,2021,12,Cebreiro,56
2752,202112,2021,12,Ferrol,64
2753,202112,2021,12,Francia - C.F.,14
2754,202112,2021,12,Le Puy,28
2755,202112,2021,12,León,14
2756,202112,2021,12,Lisboa,16
2757,202112,2021,12,Lugo - C.P.,20
2758,202112,2021,12,Oporto,49
2759,202112,2021,12,Ourense,27
2760,202112,2021,12,Oviedo - C.P.,22
2761,202112,2021,12,Pamplona,21
2762,202112,2021,12,Ponferrada,15
2763,202112,2021,12,Resto,193
2764,202112,2021,12,Roncesvalles,20
2765,202112,2021,12,S. Jean P. Port,81
2766,202112,2021,12,Sarria,371
2767,202112,2021,12,Tui,108
2768,202112,2021,12,Valença do Minho,33
2769,202112,2021,12,Vigo,19
2770,202201,2022,1,A Guarda,16
2771,202201,2022,1,Cebreiro,82
2772,202201,2022,1,Ferrol,114
2773,202201,2022,1,León,57
2774,202201,2022,1,Lisboa,16
2775,202201,2022,1,Mérida,18
2776,202201,2022,1,Oporto,107
2777,202201,2022,1,Oporto Costa,21
2778,202201,2022,1,Ourense,18
2779,202201,2022,1,Oviedo - C.P.,37
2780,202201,2022,1,Pamplona,21
2781,202201,2022,1,Ponferrada,37
2782,202201,2022,1,Ponferrada. C.Inv.,32
2783,202201,2022,1,Resto,249
2784,202201,2022,1,Resto Galicia,24
2785,202201,2022,1,Roncesvalles,13
2786,202201,2022,1,S. Jean P. Port,82
2787,202201,2022,1,Sarria,474
2788,202201,2022,1,Tui,113
2789,202201,2022,1,Valença do Minho,56
2790,202201,2022,1,Vigo,30
2791,202202,2022,2,Cebreiro,54
2792,202202,2022,2,Ferrol,106
2793,202202,2022,2,Fonsagrada - C.P.,113
2794,202202,2022,2,León,46
2795,202202,2022,2,Lisboa,32
2796,202202,2022,2,Lugo - C.P.,27
2797,202202,2022,2,Oporto,159
2798,202202,2022,2,Oporto Costa,24
2799,202202,2022,2,Ourense,21
2800,202202,2022,2,Oviedo - C.P.,38
2801,202202,2022,2,Pamplona,32
2802,202202,2022,2,Ponferrada,36
2803,202202,2022,2,Ponferrada. C.Inv.,28
2804,202202,2022,2,Resto,355
2805,202202,2022,2,Resto Portugal,19
2806,202202,2022,2,Roncesvalles,45
2807,202202,2022,2,S. Jean P. Port,89
2808,202202,2022,2,Sarria,473
2809,202202,2022,2,Sevilla,31
2810,202202,2022,2,Tui,175
2811,202202,2022,2,Valença do Minho,131
2812,202203,2022,3,Burgos,51
2813,202203,2022,3,Cebreiro,209
2814,202203,2022,3,Ferrol,368
2815,202203,2022,3,León,137
2816,202203,2022,3,Lisboa,89
2817,202203,2022,3,Lugo - C.P.,80
2818,202203,2022,3,Oporto,881
2819,202203,2022,3,Oporto Costa,175
2820,202203,2022,3,Oviedo - C.P.,166
2821,202203,2022,3,Pamplona,52
2822,202203,2022,3,Ponferrada,123
2823,202203,2022,3,Ponte de Lima,59
2824,202203,2022,3,Resto,1060
2825,202203,2022,3,Resto Galicia,68
2826,202203,2022,3,Roncesvalles,59
2827,202203,2022,3,S. Jean P. Port,179
2828,202203,2022,3,Sarria,2741
2829,202203,2022,3,Sevilla,66
2830,202203,2022,3,Tui,458
2831,202203,2022,3,Valença do Minho,272
2832,202203,2022,3,Vigo,96
2833,202204,2022,4,Cebreiro,725
2834,202204,2022,4,Ferrol,1682
2835,202204,2022,4,Irún,255
2836,202204,2022,4,León,453
2837,202204,2022,4,Lugo - C.P.,484
2838,202204,2022,4,Madrid - C.F.,446
2839,202204,2022,4,Oporto,2774
2840,202204,2022,4,Oporto Costa,600
2841,202204,2022,4,Ourense,563
2842,202204,2022,4,Oviedo - C.P.,535
2843,202204,2022,4,Ponferrada,409
2844,202204,2022,4,Ponte de Lima,265
2845,202204,2022,4,Porriño,485
2846,202204,2022,4,Resto,6085
2847,202204,2022,4,Resto de Galicia,239
2848,202204,2022,4,Roncesvalles,425
2849,202204,2022,4,S. Jean P. Port,1094
2850,202204,2022,4,Sarria,12278
2851,202204,2022,4,Tui,2665
2852,202204,2022,4,Valença do Minho,1380
2853,202204,2022,4,Vigo,441
2854,202205,2022,5,Astorga,495
2855,202205,2022,5,Baiona,516
2856,202205,2022,5,Cebreiro,795
2857,202205,2022,5,Ferrol,2288
2858,202205,2022,5,Irún,640
2859,202205,2022,5,Le Puy,475
2860,202205,2022,5,León,1158
2861,202205,2022,5,Lugo - C.P.,791
2862,202205,2022,5,Oporto,5047
2863,202205,2022,5,Oporto Costa,1209
2864,202205,2022,5,Oviedo - C.P.,1301
2865,202205,2022,5,Pamplona,467
2866,202205,2022,5,Ponferrada,711
2867,202205,2022,5,Resto,9254
2868,202205,2022,5,Roncesvalles,735
2869,202205,2022,5,S. Jean P. Port,4304
2870,202205,2022,5,Sarria,12982
2871,202205,2022,5,Sevilla,468
2872,202205,2022,5,Tui,2896
2873,202205,2022,5,Valença do Minho,1166
2874,202205,2022,5,Vigo,556
2875,202206,2022,6,Astorga,442
2876,202206,2022,6,Baiona,550
2877,202206,2022,6,Cebreiro,1069
2878,202206,2022,6,Ferrol,2291
2879,202206,2022,6,Irún,988
2880,202206,2022,6,Le Puy,604
2881,202206,2022,6,León,1241
2882,202206,2022,6,Lisboa,426
2883,202206,2022,6,Lugo - C.P.,605
2884,202206,2022,6,Oporto,4577
2885,202206,2022,6,Oporto Costa,1314
2886,202206,2022,6,Ourense,419
2887,202206,2022,6,Oviedo - C.P.,1617
2888,202206,2022,6,Ponferrada,762
2889,202206,2022,6,Resto,12139
2890,202206,2022,6,Roncesvalles,855
2891,202206,2022,6,S. Jean P. Port,5098
2892,202206,2022,6,Sarria,16948
2893,202206,2022,6,Tui,3571
2894,202206,2022,6,Valença do Minho,1656
2895,202206,2022,6,Vigo,840
2896,202207,2022,7,Astorga,856
2897,202207,2022,7,Baiona,763
2898,202207,2022,7,Cebreiro,1312
2899,202207,2022,7,Ferrol,3585
2900,202207,2022,7,Irún,945
2901,202207,2022,7,León,1105
2902,202207,2022,7,Lugo - C.P.,1091
2903,202207,2022,7,Oporto,3103
2904,202207,2022,7,Oporto Costa,1109
2905,202207,2022,7,Ourense,969
2906,202207,2022,7,Oviedo - C.P.,1654
2907,202207,2022,7,Ponferrada,1061
2908,202207,2022,7,Porriño,798
2909,202207,2022,7,Resto,14625
2910,202207,2022,7,Roncesvalles,673
2911,202207,2022,7,S. Jean P. Port,3391
2912,202207,2022,7,Sarria,20541
2913,202207,2022,7,Triacastela,757
2914,202207,2022,7,Tui,6317
2915,202207,2022,7,Valença do Minho,1455
2916,202207,2022,7,Vigo,1264
2917,202208,2022,8,Astorga,609
2918,202208,2022,8,Baiona,996
2919,202208,2022,8,Cebreiro,1548
2920,202208,2022,8,Ferrol,6389
2921,202208,2022,8,Irún,856
2922,202208,2022,8,León,1363
2923,202208,2022,8,Lugo - C.P.,2245
2924,202208,2022,8,Oporto,3849
2925,202208,2022,8,Oporto Costa,1298
2926,202208,2022,8,Ourense,1697
2927,202208,2022,8,Oviedo - C.P.,2280
2928,202208,2022,8,Ponferrada,1081
2929,202208,2022,8,Porriño,1386
2930,202208,2022,8,Resto,16171
2931,202208,2022,8,Roncesvalles,816
2932,202208,2022,8,S. Jean P. Port,2783
2933,202208,2022,8,Sarria,27123
2934,202208,2022,8,Tui,8438
2935,202208,2022,8,Valença do Minho,1823
2936,202208,2022,8,Vigo,2212
2937,202208,2022,8,Vilalba,879
2938,202209,2022,9,Astorga,538
2939,202209,2022,9,Baiona,890
2940,202209,2022,9,Burgos,466
2941,202209,2022,9,Cebreiro,1172
2942,202209,2022,9,Ferrol,3392
2943,202209,2022,9,Irún,675
2944,202209,2022,9,Le Puy,540
2945,202209,2022,9,León,1478
2946,202209,2022,9,Lugo - C.P.,840
2947,202209,2022,9,Oporto,5736
2948,202209,2022,9,Oporto Costa,1640
2949,202209,2022,9,Ourense,587
2950,202209,2022,9,Oviedo - C.P.,1841
2951,202209,2022,9,Ponferrada,993
2952,202209,2022,9,Resto,12306
2953,202209,2022,9,Roncesvalles,707
2954,202209,2022,9,S. Jean P. Port,3364
2955,202209,2022,9,Sarria,20628
2956,202209,2022,9,Tui,5255
2957,202209,2022,9,Valença do Minho,1854
2958,202209,2022,9,Vigo,1294
2959,202210,2022,10,Baiona,576
2960,202210,2022,10,Cebreiro,742
2961,202210,2022,10,Ferrol,1912
2962,202210,2022,10,Irún,833
2963,202210,2022,10,Le Puy,529
2964,202210,2022,10,León,985
2965,202210,2022,10,Lisboa,469
2966,202210,2022,10,Lugo - C.P.,502
2967,202210,2022,10,Oporto,4612
2968,202210,2022,10,Oporto Costa,1412
2969,202210,2022,10,Ourense,377
2970,202210,2022,10,Oviedo - C.P.,1319
2971,202210,2022,10,Pamplona,441
2972,202210,2022,10,Ponferrada,671
2973,202210,2022,10,Resto,9401
2974,202210,2022,10,Roncesvalles,945
2975,202210,2022,10,S. Jean P. Port,5682
2976,202210,2022,10,Sarria,14497
2977,202210,2022,10,Tui,2906
2978,202210,2022,10,Valença do Minho,1725
2979,202210,2022,10,Vigo,820
2980,202211,2022,11,Cebreiro,316
2981,202211,2022,11,Ferrol,487
2982,202211,2022,11,Irún,203
2983,202211,2022,11,Le Puy,174
2984,202211,2022,11,León,216
2985,202211,2022,11,Madrid - C.F.,169
2986,202211,2022,11,Oporto,759
2987,202211,2022,11,Oporto Costa,247
2988,202211,2022,11,Ourense,376
2989,202211,2022,11,Oviedo - C.P.,281
2990,202211,2022,11,Pamplona,143
2991,202211,2022,11,Ponferrada,178
2992,202211,2022,11,Ponferrada. C.Inv.,189
2993,202211,2022,11,Ponte de sa,150
2994,202211,2022,11,Resto,2350
2995,202211,2022,11,Roncesvalles,172
2996,202211,2022,11,S. Jean P. Port,1606
2997,202211,2022,11,Sarria,2333
2998,202211,2022,11,Tui,503
2999,202211,2022,11,Valença do Minho,291
3000,202211,2022,11,Vigo,140
3001,202212,2022,12,A Guarda,67
3002,202212,2022,12,Cebreiro,217
3003,202212,2022,12,Corrubedo,65
3004,202212,2022,12,Ferrol,328
3005,202212,2022,12,Le Puy,52
3006,202212,2022,12,León,67
3007,202212,2022,12,Lisboa,69
3008,202212,2022,12,Lugo - C.P.,51
3009,202212,2022,12,Oporto,238
3010,202212,2022,12,Oporto Costa,73
3011,202212,2022,12,Ourense,70
3012,202212,2022,12,Oviedo - C.P.,82
3013,202212,2022,12,Ponferrada,61
3014,202212,2022,12,Resto,980
3015,202212,2022,12,Ribadeo,147
3016,202212,2022,12,Roncesvalles,94
3017,202212,2022,12,S. Jean P. Port,351
3018,202212,2022,12,Sarria,1029
3019,202212,2022,12,Tui,422
3020,202212,2022,12,Valença do Minho,141
3021,202212,2022,12,Vigo,79
