ID,Anho,Mes,España,Alemania,Estados Unidos,Italia,Australia,Francia,Suiza,Japón,Reino Unido,Holanda,Resto,Portugal,Finlandia,Brasil,México,Canadá,Austria,Belgica,Venezuela,Argentina,Irlanda,Dinamarca,Polonia,Hungría,Corea,República Checa,China,Uruguay,Rusia,Ucrania,Chile,Colombia,Bélgica,Eslovaquia,Sudáfrica,Taiwán,Singapur,Rumania,Bulgaria,Suecia,Indonesia,Islandia,Lituania,Irán,Estonia,Perú,Israel,Puerto Rico,Total
200401,2004,1,546.0,14.0,13.0,12.0,9.0,9.0,6.0,5.0,4.0,4.0,21.0,0.0,0.0,0.0,0.0,0.0,0.0,0.0,0.0,0.0,0.0,0.0,0.0,0.0,0.0,0.0,0.0,0.0,0.0,0.0,0.0,0.0,0.0,0.0,0.0,0.0,0.0,0.0,0.0,0.0,0.0,0.0,0.0,0.0,0.0,0.0,0.0,0.0,643.0
200402,2004,2,1146.0,32.0,13.0,7.0,0.0,21.0,0.0,0.0,7.0,0.0,62.0,58.0,31.0,15.0,9.0,0.0,0.0,0.0,0.0,0.0,0.0,0.0,0.0,0.0,0.0,0.0,0.0,0.0,0.0,0.0,0.0,0.0,0.0,0.0,0.0,0.0,0.0,0.0,0.0,0.0,0.0,0.0,0.0,0.0,0.0,0.0,0.0,0.0,1401.0
200403,2004,3,2703.0,114.0,30.0,20.0,0.0,23.0,0.0,0.0,31.0,0.0,111.0,22.0,0.0,0.0,17.0,18.0,16.0,0.0,0.0,0.0,0.0,0.0,0.0,0.0,0.0,0.0,0.0,0.0,0.0,0.0,0.0,0.0,0.0,0.0,0.0,0.0,0.0,0.0,0.0,0.0,0.0,0.0,0.0,0.0,0.0,0.0,0.0,0.0,3105.0
200404,2004,4,12745.0,458.0,171.0,154.0,0.0,408.0,0.0,0.0,111.0,0.0,704.0,489.0,0.0,0.0,98.0,0.0,107.0,109.0,0.0,0.0,0.0,0.0,0.0,0.0,0.0,0.0,0.0,0.0,0.0,0.0,0.0,0.0,0.0,0.0,0.0,0.0,0.0,0.0,0.0,0.0,0.0,0.0,0.0,0.0,0.0,0.0,0.0,0.0,15554.0
200405,2004,5,11210.0,1221.0,284.0,514.0,0.0,1097.0,0.0,0.0,210.0,274.0,1325.0,226.0,0.0,275.0,0.0,0.0,224.0,0.0,0.0,0.0,0.0,0.0,0.0,0.0,0.0,0.0,0.0,0.0,0.0,0.0,0.0,0.0,0.0,0.0,0.0,0.0,0.0,0.0,0.0,0.0,0.0,0.0,0.0,0.0,0.0,0.0,0.0,0.0,16860.0
200406,2004,6,13236.0,1157.0,437.0,676.0,0.0,961.0,0.0,0.0,220.0,360.0,1520.0,251.0,0.0,255.0,0.0,0.0,222.0,0.0,0.0,0.0,0.0,0.0,0.0,0.0,0.0,0.0,0.0,0.0,0.0,0.0,0.0,0.0,0.0,0.0,0.0,0.0,0.0,0.0,0.0,0.0,0.0,0.0,0.0,0.0,0.0,0.0,0.0,0.0,19295.0
200407,2004,7,25724.0,766.0,434.0,955.0,0.0,991.0,0.0,0.0,188.0,223.0,1761.0,401.0,0.0,154.0,0.0,0.0,0.0,294.0,0.0,0.0,0.0,0.0,0.0,0.0,0.0,0.0,0.0,0.0,0.0,0.0,0.0,0.0,0.0,0.0,0.0,0.0,0.0,0.0,0.0,0.0,0.0,0.0,0.0,0.0,0.0,0.0,0.0,0.0,31891.0
200408,2004,8,36700.0,892.0,124.0,4071.0,0.0,1075.0,0.0,0.0,173.0,127.0,1389.0,716.0,0.0,0.0,0.0,0.0,145.0,189.0,0.0,0.0,0.0,0.0,0.0,0.0,0.0,0.0,0.0,0.0,0.0,0.0,0.0,0.0,0.0,0.0,0.0,0.0,0.0,0.0,0.0,0.0,0.0,0.0,0.0,0.0,0.0,0.0,0.0,0.0,45601.0
200409,2004,9,16547.0,1200.0,232.0,861.0,0.0,956.0,0.0,0.0,222.0,208.0,1605.0,535.0,0.0,191.0,0.0,0.0,195.0,0.0,0.0,0.0,0.0,0.0,0.0,0.0,0.0,0.0,0.0,0.0,0.0,0.0,0.0,0.0,0.0,0.0,0.0,0.0,0.0,0.0,0.0,0.0,0.0,0.0,0.0,0.0,0.0,0.0,0.0,0.0,22752.0
200410,2004,10,9833.0,843.0,215.0,335.0,0.0,789.0,0.0,0.0,216.0,0.0,1186.0,419.0,0.0,264.0,237.0,219.0,0.0,0.0,0.0,0.0,0.0,0.0,0.0,0.0,0.0,0.0,0.0,0.0,0.0,0.0,0.0,0.0,0.0,0.0,0.0,0.0,0.0,0.0,0.0,0.0,0.0,0.0,0.0,0.0,0.0,0.0,0.0,0.0,14556.0
200411,2004,11,3306.0,95.0,54.0,0.0,0.0,191.0,0.0,0.0,39.0,0.0,308.0,73.0,0.0,59.0,0.0,58.0,0.0,0.0,194.0,33.0,0.0,0.0,0.0,0.0,0.0,0.0,0.0,0.0,0.0,0.0,0.0,0.0,0.0,0.0,0.0,0.0,0.0,0.0,0.0,0.0,0.0,0.0,0.0,0.0,0.0,0.0,0.0,0.0,4410.0
200412,2004,12,3430.0,24.0,21.0,31.0,0.0,45.0,0.0,0.0,0.0,0.0,123.0,54.0,0.0,25.0,15.0,0.0,0.0,14.0,0.0,20.0,0.0,0.0,0.0,0.0,0.0,0.0,0.0,0.0,0.0,0.0,0.0,0.0,0.0,0.0,0.0,0.0,0.0,0.0,0.0,0.0,0.0,0.0,0.0,0.0,0.0,0.0,0.0,0.0,3802.0
200501,2005,1,165.0,6.0,18.0,16.0,4.0,14.0,0.0,0.0,0.0,3.0,22.0,4.0,0.0,12.0,0.0,0.0,5.0,0.0,0.0,0.0,0.0,0.0,0.0,0.0,0.0,0.0,0.0,0.0,0.0,0.0,0.0,0.0,0.0,0.0,0.0,0.0,0.0,0.0,0.0,0.0,0.0,0.0,0.0,0.0,0.0,0.0,0.0,0.0,269.0
200502,2005,2,392.0,26.0,4.0,8.0,0.0,18.0,0.0,13.0,4.0,5.0,24.0,65.0,0.0,6.0,0.0,0.0,0.0,0.0,0.0,0.0,0.0,0.0,0.0,0.0,0.0,0.0,0.0,0.0,0.0,0.0,0.0,0.0,0.0,0.0,0.0,0.0,0.0,0.0,0.0,0.0,0.0,0.0,0.0,0.0,0.0,0.0,0.0,0.0,565.0
200503,2005,3,2181.0,193.0,57.0,89.0,0.0,38.0,0.0,0.0,42.0,0.0,201.0,201.0,0.0,0.0,33.0,0.0,0.0,42.0,0.0,0.0,44.0,0.0,0.0,0.0,0.0,0.0,0.0,0.0,0.0,0.0,0.0,0.0,0.0,0.0,0.0,0.0,0.0,0.0,0.0,0.0,0.0,0.0,0.0,0.0,0.0,0.0,0.0,0.0,3121.0
200504,2005,4,1575.0,299.0,68.0,158.0,0.0,239.0,71.0,0.0,102.0,0.0,455.0,172.0,0.0,0.0,0.0,85.0,83.0,0.0,0.0,0.0,0.0,0.0,0.0,0.0,0.0,0.0,0.0,0.0,0.0,0.0,0.0,0.0,0.0,0.0,0.0,0.0,0.0,0.0,0.0,0.0,0.0,0.0,0.0,0.0,0.0,0.0,0.0,0.0,3307.0
200505,2005,5,3458.0,1475.0,307.0,553.0,0.0,924.0,0.0,0.0,228.0,367.0,1246.0,276.0,0.0,207.0,0.0,0.0,269.0,0.0,0.0,0.0,0.0,0.0,0.0,0.0,0.0,0.0,0.0,0.0,0.0,0.0,0.0,0.0,0.0,0.0,0.0,0.0,0.0,0.0,0.0,0.0,0.0,0.0,0.0,0.0,0.0,0.0,0.0,0.0,9310.0
200506,2005,6,5022.0,1461.0,436.0,1150.0,0.0,1193.0,0.0,0.0,274.0,488.0,1667.0,274.0,0.0,0.0,0.0,269.0,385.0,0.0,0.0,0.0,0.0,0.0,0.0,0.0,0.0,0.0,0.0,0.0,0.0,0.0,0.0,0.0,0.0,0.0,0.0,0.0,0.0,0.0,0.0,0.0,0.0,0.0,0.0,0.0,0.0,0.0,0.0,0.0,12619.0
200507,2005,7,12867.0,720.0,474.0,1108.0,0.0,880.0,0.0,0.0,185.0,191.0,1577.0,317.0,0.0,0.0,0.0,0.0,0.0,266.0,0.0,0.0,0.0,219.0,0.0,0.0,0.0,0.0,0.0,0.0,0.0,0.0,0.0,0.0,0.0,0.0,0.0,0.0,0.0,0.0,0.0,0.0,0.0,0.0,0.0,0.0,0.0,0.0,0.0,0.0,18804.0
200508,2005,8,17036.0,908.0,167.0,3115.0,0.0,887.0,0.0,0.0,191.0,184.0,1336.0,560.0,0.0,0.0,0.0,0.0,187.0,260.0,0.0,0.0,0.0,0.0,0.0,0.0,0.0,0.0,0.0,0.0,0.0,0.0,0.0,0.0,0.0,0.0,0.0,0.0,0.0,0.0,0.0,0.0,0.0,0.0,0.0,0.0,0.0,0.0,0.0,0.0,24831.0
200509,2005,9,6469.0,1207.0,242.0,863.0,0.0,822.0,0.0,0.0,257.0,187.0,1394.0,361.0,0.0,174.0,0.0,192.0,0.0,0.0,0.0,0.0,0.0,0.0,0.0,0.0,0.0,0.0,0.0,0.0,0.0,0.0,0.0,0.0,0.0,0.0,0.0,0.0,0.0,0.0,0.0,0.0,0.0,0.0,0.0,0.0,0.0,0.0,0.0,0.0,12168.0
200510,2005,10,2666.0,727.0,224.0,276.0,0.0,740.0,0.0,0.0,179.0,0.0,1023.0,299.0,0.0,206.0,0.0,369.0,164.0,0.0,0.0,0.0,0.0,0.0,0.0,0.0,0.0,0.0,0.0,0.0,0.0,0.0,0.0,0.0,0.0,0.0,0.0,0.0,0.0,0.0,0.0,0.0,0.0,0.0,0.0,0.0,0.0,0.0,0.0,0.0,6873.0
200511,2005,11,655.0,110.0,41.0,73.0,37.0,122.0,28.0,0.0,40.0,0.0,190.0,0.0,0.0,41.0,0.0,51.0,0.0,0.0,0.0,0.0,0.0,0.0,0.0,0.0,0.0,0.0,0.0,0.0,0.0,0.0,0.0,0.0,0.0,0.0,0.0,0.0,0.0,0.0,0.0,0.0,0.0,0.0,0.0,0.0,0.0,0.0,0.0,0.0,1388.0
200512,2005,12,442.0,23.0,0.0,21.0,0.0,33.0,0.0,11.0,10.0,0.0,60.0,28.0,0.0,11.0,0.0,14.0,0.0,15.0,0.0,0.0,0.0,0.0,0.0,0.0,0.0,0.0,0.0,0.0,0.0,0.0,0.0,0.0,0.0,0.0,0.0,0.0,0.0,0.0,0.0,0.0,0.0,0.0,0.0,0.0,0.0,0.0,0.0,0.0,668.0
200601,2006,1,194.0,18.0,0.0,19.0,0.0,16.0,0.0,6.0,9.0,0.0,34.0,0.0,0.0,10.0,0.0,0.0,7.0,5.0,0.0,6.0,0.0,0.0,0.0,0.0,0.0,0.0,0.0,0.0,0.0,0.0,0.0,0.0,0.0,0.0,0.0,0.0,0.0,0.0,0.0,0.0,0.0,0.0,0.0,0.0,0.0,0.0,0.0,0.0,324.0
200602,2006,2,244.0,23.0,7.0,9.0,0.0,6.0,0.0,0.0,8.0,0.0,28.0,12.0,0.0,4.0,0.0,0.0,5.0,0.0,0.0,0.0,0.0,0.0,5.0,0.0,0.0,0.0,0.0,0.0,0.0,0.0,0.0,0.0,0.0,0.0,0.0,0.0,0.0,0.0,0.0,0.0,0.0,0.0,0.0,0.0,0.0,0.0,0.0,0.0,351.0
200603,2006,3,558.0,110.0,16.0,31.0,0.0,40.0,0.0,0.0,49.0,0.0,112.0,118.0,0.0,0.0,23.0,27.0,0.0,0.0,0.0,0.0,12.0,0.0,0.0,0.0,0.0,0.0,0.0,0.0,0.0,0.0,0.0,0.0,0.0,0.0,0.0,0.0,0.0,0.0,0.0,0.0,0.0,0.0,0.0,0.0,0.0,0.0,0.0,0.0,1096.0
200604,2006,4,4550.0,449.0,102.0,244.0,0.0,349.0,0.0,0.0,133.0,0.0,628.0,750.0,78.0,70.0,0.0,0.0,0.0,0.0,0.0,0.0,98.0,0.0,0.0,0.0,0.0,0.0,0.0,0.0,0.0,0.0,0.0,0.0,0.0,0.0,0.0,0.0,0.0,0.0,0.0,0.0,0.0,0.0,0.0,0.0,0.0,0.0,0.0,0.0,7451.0
200605,2006,5,3489.0,1430.0,236.0,729.0,0.0,1096.0,0.0,0.0,282.0,318.0,1644.0,292.0,0.0,0.0,0.0,300.0,331.0,0.0,0.0,0.0,0.0,0.0,0.0,0.0,0.0,0.0,0.0,0.0,0.0,0.0,0.0,0.0,0.0,0.0,0.0,0.0,0.0,0.0,0.0,0.0,0.0,0.0,0.0,0.0,0.0,0.0,0.0,0.0,10147.0
200606,2006,6,5001.0,1455.0,393.0,1226.0,0.0,1264.0,0.0,0.0,270.0,488.0,1966.0,381.0,0.0,0.0,0.0,278.0,289.0,0.0,0.0,0.0,0.0,0.0,0.0,0.0,0.0,0.0,0.0,0.0,0.0,0.0,0.0,0.0,0.0,0.0,0.0,0.0,0.0,0.0,0.0,0.0,0.0,0.0,0.0,0.0,0.0,0.0,0.0,0.0,13011.0
200607,2006,7,12166.0,830.0,437.0,1287.0,0.0,1021.0,0.0,0.0,155.0,211.0,1700.0,454.0,0.0,0.0,0.0,0.0,0.0,248.0,0.0,0.0,0.0,211.0,0.0,0.0,0.0,0.0,0.0,0.0,0.0,0.0,0.0,0.0,0.0,0.0,0.0,0.0,0.0,0.0,0.0,0.0,0.0,0.0,0.0,0.0,0.0,0.0,0.0,0.0,18720.0
200608,2006,8,15774.0,1079.0,0.0,5054.0,0.0,1019.0,0.0,0.0,201.0,218.0,1598.0,606.0,0.0,0.0,0.0,0.0,213.0,213.0,0.0,0.0,0.0,0.0,0.0,208.0,0.0,0.0,0.0,0.0,0.0,0.0,0.0,0.0,0.0,0.0,0.0,0.0,0.0,0.0,0.0,0.0,0.0,0.0,0.0,0.0,0.0,0.0,0.0,0.0,26183.0
200609,2006,9,6373.0,1617.0,236.0,1017.0,0.0,1047.0,0.0,0.0,255.0,218.0,1765.0,469.0,0.0,0.0,0.0,0.0,202.0,271.0,0.0,0.0,0.0,0.0,0.0,0.0,0.0,0.0,0.0,0.0,0.0,0.0,0.0,0.0,0.0,0.0,0.0,0.0,0.0,0.0,0.0,0.0,0.0,0.0,0.0,0.0,0.0,0.0,0.0,0.0,13470.0
200610,2006,10,2878.0,963.0,261.0,346.0,0.0,760.0,0.0,0.0,156.0,0.0,1356.0,242.0,0.0,173.0,0.0,371.0,0.0,194.0,0.0,0.0,0.0,0.0,0.0,0.0,0.0,0.0,0.0,0.0,0.0,0.0,0.0,0.0,0.0,0.0,0.0,0.0,0.0,0.0,0.0,0.0,0.0,0.0,0.0,0.0,0.0,0.0,0.0,0.0,7700.0
200611,2006,11,849.0,144.0,50.0,91.0,55.0,153.0,28.0,0.0,0.0,0.0,243.0,24.0,0.0,58.0,0.0,60.0,0.0,0.0,0.0,0.0,0.0,0.0,0.0,0.0,0.0,0.0,0.0,0.0,0.0,0.0,0.0,0.0,0.0,0.0,0.0,0.0,0.0,0.0,0.0,0.0,0.0,0.0,0.0,0.0,0.0,0.0,0.0,0.0,1755.0
200612,2006,12,540.0,39.0,14.0,21.0,0.0,53.0,0.0,0.0,13.0,0.0,105.0,30.0,0.0,0.0,10.0,13.0,0.0,0.0,0.0,10.0,0.0,0.0,0.0,0.0,0.0,0.0,0.0,0.0,0.0,0.0,0.0,0.0,0.0,0.0,0.0,0.0,0.0,0.0,0.0,0.0,0.0,0.0,0.0,0.0,0.0,0.0,0.0,0.0,848.0
200701,2007,1,182.0,33.0,26.0,18.0,0.0,11.0,0.0,6.0,0.0,0.0,39.0,9.0,0.0,8.0,0.0,0.0,0.0,0.0,0.0,12.0,0.0,0.0,0.0,0.0,6.0,0.0,0.0,0.0,0.0,0.0,0.0,0.0,0.0,0.0,0.0,0.0,0.0,0.0,0.0,0.0,0.0,0.0,0.0,0.0,0.0,0.0,0.0,0.0,350.0
200702,2007,2,316.0,32.0,12.0,15.0,0.0,9.0,0.0,0.0,0.0,0.0,66.0,167.0,0.0,0.0,12.0,9.0,0.0,0.0,0.0,0.0,19.0,0.0,0.0,0.0,0.0,8.0,0.0,0.0,0.0,0.0,0.0,0.0,0.0,0.0,0.0,0.0,0.0,0.0,0.0,0.0,0.0,0.0,0.0,0.0,0.0,0.0,0.0,0.0,665.0
200703,2007,3,1005.0,223.0,50.0,47.0,0.0,29.0,21.0,0.0,24.0,0.0,168.0,59.0,0.0,22.0,0.0,0.0,0.0,0.0,0.0,0.0,32.0,0.0,0.0,0.0,0.0,0.0,0.0,0.0,0.0,0.0,0.0,0.0,0.0,0.0,0.0,0.0,0.0,0.0,0.0,0.0,0.0,0.0,0.0,0.0,0.0,0.0,0.0,0.0,1680.0
200704,2007,4,4079.0,992.0,161.0,322.0,0.0,571.0,0.0,0.0,178.0,0.0,872.0,617.0,0.0,0.0,0.0,115.0,107.0,0.0,0.0,0.0,101.0,0.0,0.0,0.0,0.0,0.0,0.0,0.0,0.0,0.0,0.0,0.0,0.0,0.0,0.0,0.0,0.0,0.0,0.0,0.0,0.0,0.0,0.0,0.0,0.0,0.0,0.0,0.0,8115.0
200705,2007,5,4299.0,2671.0,308.0,799.0,0.0,1250.0,0.0,0.0,297.0,334.0,1986.0,323.0,0.0,0.0,0.0,304.0,353.0,0.0,0.0,0.0,0.0,0.0,0.0,0.0,0.0,0.0,0.0,0.0,0.0,0.0,0.0,0.0,0.0,0.0,0.0,0.0,0.0,0.0,0.0,0.0,0.0,0.0,0.0,0.0,0.0,0.0,0.0,0.0,12924.0
200706,2007,6,5369.0,2733.0,468.0,1379.0,0.0,1193.0,0.0,0.0,300.0,452.0,2176.0,449.0,0.0,0.0,0.0,348.0,315.0,0.0,0.0,0.0,0.0,0.0,0.0,0.0,0.0,0.0,0.0,0.0,0.0,0.0,0.0,0.0,0.0,0.0,0.0,0.0,0.0,0.0,0.0,0.0,0.0,0.0,0.0,0.0,0.0,0.0,0.0,0.0,15182.0
200707,2007,7,12176.0,1480.0,438.0,1498.0,0.0,872.0,0.0,0.0,0.0,197.0,2247.0,438.0,0.0,0.0,0.0,0.0,0.0,305.0,0.0,0.0,0.0,0.0,277.0,0.0,0.0,228.0,0.0,0.0,0.0,0.0,0.0,0.0,0.0,0.0,0.0,0.0,0.0,0.0,0.0,0.0,0.0,0.0,0.0,0.0,0.0,0.0,0.0,0.0,20156.0
200708,2007,8,16330.0,1598.0,205.0,4615.0,0.0,948.0,0.0,0.0,0.0,211.0,1873.0,854.0,0.0,0.0,0.0,0.0,224.0,199.0,0.0,0.0,0.0,0.0,232.0,0.0,0.0,0.0,0.0,0.0,0.0,0.0,0.0,0.0,0.0,0.0,0.0,0.0,0.0,0.0,0.0,0.0,0.0,0.0,0.0,0.0,0.0,0.0,0.0,0.0,27289.0
200709,2007,9,6806.0,2300.0,251.0,1065.0,0.0,1088.0,0.0,0.0,229.0,232.0,2236.0,514.0,0.0,0.0,0.0,310.0,251.0,0.0,0.0,0.0,0.0,0.0,0.0,0.0,0.0,0.0,0.0,0.0,0.0,0.0,0.0,0.0,0.0,0.0,0.0,0.0,0.0,0.0,0.0,0.0,0.0,0.0,0.0,0.0,0.0,0.0,0.0,0.0,15282.0
200710,2007,10,3333.0,1566.0,203.0,435.0,0.0,841.0,247.0,0.0,239.0,0.0,1671.0,319.0,0.0,207.0,0.0,382.0,0.0,0.0,0.0,0.0,0.0,0.0,0.0,0.0,0.0,0.0,0.0,0.0,0.0,0.0,0.0,0.0,0.0,0.0,0.0,0.0,0.0,0.0,0.0,0.0,0.0,0.0,0.0,0.0,0.0,0.0,0.0,0.0,9443.0
200711,2007,11,1131.0,185.0,99.0,91.0,58.0,159.0,0.0,0.0,0.0,0.0,355.0,236.0,0.0,65.0,0.0,81.0,36.0,0.0,0.0,0.0,0.0,0.0,0.0,0.0,0.0,0.0,0.0,0.0,0.0,0.0,0.0,0.0,0.0,0.0,0.0,0.0,0.0,0.0,0.0,0.0,0.0,0.0,0.0,0.0,0.0,0.0,0.0,0.0,2496.0
200712,2007,12,478.0,62.0,12.0,25.0,0.0,41.0,16.0,0.0,10.0,0.0,96.0,27.0,0.0,14.0,0.0,14.0,0.0,0.0,0.0,0.0,0.0,0.0,0.0,0.0,0.0,0.0,0.0,0.0,0.0,0.0,0.0,0.0,0.0,0.0,0.0,0.0,0.0,0.0,0.0,0.0,0.0,0.0,0.0,0.0,0.0,0.0,0.0,0.0,795.0
200801,2008,1,159.0,34.0,8.0,15.0,0.0,6.0,0.0,0.0,0.0,6.0,39.0,8.0,0.0,13.0,0.0,0.0,7.0,0.0,0.0,0.0,0.0,0.0,0.0,0.0,11.0,0.0,0.0,0.0,0.0,0.0,0.0,0.0,0.0,0.0,0.0,0.0,0.0,0.0,0.0,0.0,0.0,0.0,0.0,0.0,0.0,0.0,0.0,0.0,306.0
200802,2008,2,345.0,40.0,0.0,20.0,0.0,37.0,0.0,0.0,8.0,0.0,72.0,137.0,0.0,14.0,0.0,0.0,11.0,10.0,0.0,0.0,0.0,0.0,0.0,0.0,9.0,0.0,0.0,0.0,0.0,0.0,0.0,0.0,0.0,0.0,0.0,0.0,0.0,0.0,0.0,0.0,0.0,0.0,0.0,0.0,0.0,0.0,0.0,0.0,703.0
200803,2008,3,3635.0,426.0,125.0,61.0,0.0,40.0,0.0,0.0,38.0,0.0,342.0,485.0,0.0,48.0,0.0,0.0,66.0,0.0,0.0,0.0,61.0,0.0,0.0,0.0,0.0,0.0,0.0,0.0,0.0,0.0,0.0,0.0,0.0,0.0,0.0,0.0,0.0,0.0,0.0,0.0,0.0,0.0,0.0,0.0,0.0,0.0,0.0,0.0,5327.0
200804,2008,4,2055.0,985.0,93.0,246.0,0.0,414.0,0.0,0.0,139.0,101.0,880.0,434.0,0.0,0.0,0.0,0.0,188.0,0.0,0.0,0.0,113.0,0.0,0.0,0.0,0.0,0.0,0.0,0.0,0.0,0.0,0.0,0.0,0.0,0.0,0.0,0.0,0.0,0.0,0.0,0.0,0.0,0.0,0.0,0.0,0.0,0.0,0.0,0.0,5648.0
200805,2008,5,4835.0,3656.0,345.0,1019.0,0.0,1170.0,0.0,0.0,301.0,455.0,2665.0,765.0,0.0,0.0,0.0,384.0,406.0,0.0,0.0,0.0,0.0,0.0,0.0,0.0,0.0,0.0,0.0,0.0,0.0,0.0,0.0,0.0,0.0,0.0,0.0,0.0,0.0,0.0,0.0,0.0,0.0,0.0,0.0,0.0,0.0,0.0,0.0,0.0,16001.0
200806,2008,6,5626.0,2889.0,445.0,1465.0,0.0,1181.0,0.0,0.0,0.0,424.0,2500.0,456.0,0.0,252.0,0.0,340.0,326.0,0.0,0.0,0.0,0.0,0.0,0.0,0.0,0.0,0.0,0.0,0.0,0.0,0.0,0.0,0.0,0.0,0.0,0.0,0.0,0.0,0.0,0.0,0.0,0.0,0.0,0.0,0.0,0.0,0.0,0.0,0.0,15904.0
200807,2008,7,12814.0,1755.0,416.0,1470.0,0.0,846.0,0.0,0.0,0.0,222.0,2465.0,398.0,0.0,0.0,259.0,0.0,0.0,0.0,0.0,0.0,205.0,0.0,216.0,0.0,0.0,0.0,0.0,0.0,0.0,0.0,0.0,0.0,0.0,0.0,0.0,0.0,0.0,0.0,0.0,0.0,0.0,0.0,0.0,0.0,0.0,0.0,0.0,0.0,21066.0
200808,2008,8,18595.0,1593.0,0.0,4853.0,0.0,889.0,0.0,0.0,195.0,214.0,2022.0,905.0,0.0,0.0,0.0,0.0,0.0,198.0,0.0,0.0,0.0,0.0,341.0,191.0,0.0,0.0,0.0,0.0,0.0,0.0,0.0,0.0,0.0,0.0,0.0,0.0,0.0,0.0,0.0,0.0,0.0,0.0,0.0,0.0,0.0,0.0,0.0,0.0,29996.0
200809,2008,9,8117.0,2540.0,0.0,1083.0,0.0,994.0,0.0,0.0,270.0,0.0,2749.0,484.0,0.0,0.0,0.0,296.0,270.0,0.0,0.0,0.0,318.0,0.0,257.0,0.0,0.0,0.0,0.0,0.0,0.0,0.0,0.0,0.0,0.0,0.0,0.0,0.0,0.0,0.0,0.0,0.0,0.0,0.0,0.0,0.0,0.0,0.0,0.0,0.0,17378.0
200810,2008,10,3465.0,1624.0,286.0,431.0,219.0,847.0,232.0,0.0,0.0,0.0,2028.0,0.0,0.0,185.0,0.0,372.0,189.0,0.0,0.0,0.0,0.0,0.0,0.0,0.0,0.0,0.0,0.0,0.0,0.0,0.0,0.0,0.0,0.0,0.0,0.0,0.0,0.0,0.0,0.0,0.0,0.0,0.0,0.0,0.0,0.0,0.0,0.0,0.0,9878.0
200811,2008,11,1044.0,189.0,78.0,80.0,62.0,178.0,57.0,0.0,0.0,0.0,394.0,71.0,0.0,0.0,0.0,91.0,0.0,0.0,0.0,0.0,0.0,0.0,0.0,0.0,65.0,0.0,0.0,0.0,0.0,0.0,0.0,0.0,0.0,0.0,0.0,0.0,0.0,0.0,0.0,0.0,0.0,0.0,0.0,0.0,0.0,0.0,0.0,0.0,2309.0
200812,2008,12,736.0,52.0,16.0,27.0,0.0,46.0,11.0,0.0,0.0,11.0,95.0,66.0,0.0,0.0,0.0,13.0,0.0,0.0,0.0,0.0,0.0,0.0,0.0,0.0,12.0,0.0,0.0,0.0,0.0,0.0,0.0,0.0,0.0,0.0,0.0,0.0,0.0,0.0,0.0,0.0,0.0,0.0,0.0,0.0,0.0,0.0,0.0,0.0,1085.0
200901,2009,1,275.0,36.0,9.0,39.0,0.0,16.0,0.0,6.0,0.0,6.0,45.0,18.0,0.0,22.0,0.0,0.0,0.0,0.0,0.0,0.0,0.0,0.0,0.0,0.0,51.0,0.0,0.0,0.0,0.0,0.0,0.0,0.0,0.0,0.0,0.0,0.0,0.0,0.0,0.0,0.0,0.0,0.0,0.0,0.0,0.0,0.0,0.0,0.0,523.0
200902,2009,2,312.0,49.0,0.0,25.0,0.0,28.0,0.0,10.0,0.0,0.0,62.0,174.0,0.0,0.0,0.0,9.0,10.0,9.0,0.0,0.0,0.0,0.0,0.0,0.0,10.0,0.0,0.0,0.0,0.0,0.0,0.0,0.0,0.0,0.0,0.0,0.0,0.0,0.0,0.0,0.0,0.0,0.0,0.0,0.0,0.0,0.0,0.0,0.0,698.0
200903,2009,3,1133.0,238.0,47.0,72.0,0.0,44.0,20.0,0.0,24.0,0.0,164.0,43.0,0.0,0.0,0.0,0.0,29.0,0.0,0.0,0.0,36.0,0.0,0.0,0.0,0.0,0.0,0.0,0.0,0.0,0.0,0.0,0.0,0.0,0.0,0.0,0.0,0.0,0.0,0.0,0.0,0.0,0.0,0.0,0.0,0.0,0.0,0.0,0.0,1850.0
200904,2009,4,6095.0,1015.0,190.0,299.0,0.0,389.0,0.0,0.0,162.0,0.0,1174.0,534.0,127.0,0.0,0.0,0.0,171.0,0.0,0.0,0.0,160.0,0.0,0.0,0.0,0.0,0.0,0.0,0.0,0.0,0.0,0.0,0.0,0.0,0.0,0.0,0.0,0.0,0.0,0.0,0.0,0.0,0.0,0.0,0.0,0.0,0.0,0.0,0.0,10316.0
200905,2009,5,5761.0,2946.0,357.0,1002.0,0.0,1355.0,0.0,0.0,0.0,403.0,2757.0,867.0,0.0,0.0,0.0,360.0,400.0,0.0,0.0,0.0,290.0,0.0,0.0,0.0,0.0,0.0,0.0,0.0,0.0,0.0,0.0,0.0,0.0,0.0,0.0,0.0,0.0,0.0,0.0,0.0,0.0,0.0,0.0,0.0,0.0,0.0,0.0,0.0,16498.0
200906,2009,6,8273.0,2798.0,492.0,1251.0,0.0,1359.0,0.0,0.0,0.0,440.0,2865.0,843.0,0.0,0.0,0.0,373.0,354.0,0.0,0.0,0.0,306.0,0.0,0.0,0.0,0.0,0.0,0.0,0.0,0.0,0.0,0.0,0.0,0.0,0.0,0.0,0.0,0.0,0.0,0.0,0.0,0.0,0.0,0.0,0.0,0.0,0.0,0.0,0.0,19354.0
200907,2009,7,17614.0,1681.0,486.0,1335.0,0.0,1009.0,0.0,0.0,290.0,280.0,2851.0,496.0,0.0,0.0,0.0,0.0,0.0,0.0,0.0,0.0,350.0,0.0,360.0,0.0,0.0,0.0,0.0,0.0,0.0,0.0,0.0,0.0,0.0,0.0,0.0,0.0,0.0,0.0,0.0,0.0,0.0,0.0,0.0,0.0,0.0,0.0,0.0,0.0,26752.0
200908,2009,8,23575.0,1750.0,254.0,4728.0,0.0,972.0,0.0,0.0,218.0,261.0,2320.0,844.0,0.0,0.0,0.0,0.0,252.0,0.0,0.0,0.0,0.0,0.0,372.0,0.0,0.0,0.0,0.0,0.0,0.0,0.0,0.0,0.0,0.0,0.0,0.0,0.0,0.0,0.0,0.0,0.0,0.0,0.0,0.0,0.0,0.0,0.0,0.0,0.0,35546.0
200909,2009,9,10466.0,2554.0,319.0,1106.0,0.0,1224.0,0.0,0.0,285.0,0.0,3095.0,535.0,0.0,0.0,0.0,386.0,321.0,332.0,0.0,0.0,0.0,0.0,0.0,0.0,0.0,0.0,0.0,0.0,0.0,0.0,0.0,0.0,0.0,0.0,0.0,0.0,0.0,0.0,0.0,0.0,0.0,0.0,0.0,0.0,0.0,0.0,0.0,0.0,20623.0
200910,2009,10,4681.0,1572.0,287.0,449.0,222.0,926.0,0.0,0.0,224.0,0.0,2264.0,439.0,0.0,221.0,0.0,446.0,0.0,0.0,0.0,0.0,0.0,0.0,0.0,0.0,0.0,0.0,0.0,0.0,0.0,0.0,0.0,0.0,0.0,0.0,0.0,0.0,0.0,0.0,0.0,0.0,0.0,0.0,0.0,0.0,0.0,0.0,0.0,0.0,11731.0
200911,2009,11,1068.0,198.0,89.0,104.0,47.0,159.0,0.0,0.0,0.0,0.0,432.0,42.0,0.0,45.0,0.0,84.0,0.0,0.0,0.0,0.0,0.0,0.0,0.0,0.0,85.0,0.0,0.0,0.0,0.0,0.0,0.0,0.0,0.0,0.0,0.0,0.0,0.0,0.0,0.0,0.0,0.0,0.0,0.0,0.0,0.0,0.0,0.0,0.0,2353.0
200912,2009,12,597.0,41.0,19.0,38.0,17.0,35.0,0.0,0.0,0.0,0.0,112.0,65.0,0.0,24.0,0.0,15.0,0.0,0.0,0.0,0.0,0.0,0.0,0.0,0.0,47.0,0.0,0.0,0.0,0.0,0.0,0.0,0.0,0.0,0.0,0.0,0.0,0.0,0.0,0.0,0.0,0.0,0.0,0.0,0.0,0.0,0.0,0.0,0.0,1010.0
201001,2010,1,815.0,65.0,14.0,44.0,0.0,16.0,0.0,0.0,0.0,14.0,95.0,44.0,0.0,11.0,10.0,0.0,0.0,0.0,0.0,0.0,0.0,0.0,0.0,0.0,60.0,0.0,0.0,0.0,0.0,0.0,0.0,0.0,0.0,0.0,0.0,0.0,0.0,0.0,0.0,0.0,0.0,0.0,0.0,0.0,0.0,0.0,0.0,0.0,1188.0
201002,2010,2,1070.0,66.0,18.0,45.0,0.0,20.0,0.0,0.0,0.0,0.0,115.0,222.0,0.0,21.0,22.0,0.0,0.0,0.0,0.0,13.0,0.0,0.0,0.0,0.0,28.0,0.0,0.0,0.0,0.0,0.0,0.0,0.0,0.0,0.0,0.0,0.0,0.0,0.0,0.0,0.0,0.0,0.0,0.0,0.0,0.0,0.0,0.0,0.0,1640.0
201003,2010,3,4635.0,327.0,66.0,64.0,0.0,63.0,0.0,40.0,45.0,0.0,352.0,168.0,0.0,0.0,0.0,0.0,0.0,0.0,0.0,0.0,93.0,0.0,0.0,0.0,30.0,0.0,0.0,0.0,0.0,0.0,0.0,0.0,0.0,0.0,0.0,0.0,0.0,0.0,0.0,0.0,0.0,0.0,0.0,0.0,0.0,0.0,0.0,0.0,5883.0
201004,2010,4,14496.0,1081.0,186.0,324.0,0.0,566.0,0.0,0.0,168.0,0.0,1438.0,876.0,0.0,136.0,0.0,0.0,151.0,0.0,0.0,0.0,165.0,0.0,0.0,0.0,0.0,0.0,0.0,0.0,0.0,0.0,0.0,0.0,0.0,0.0,0.0,0.0,0.0,0.0,0.0,0.0,0.0,0.0,0.0,0.0,0.0,0.0,0.0,0.0,19587.0
201005,2010,5,17304.0,2600.0,408.0,1170.0,0.0,1399.0,0.0,0.0,0.0,448.0,3456.0,850.0,0.0,342.0,0.0,0.0,426.0,0.0,0.0,0.0,443.0,0.0,0.0,0.0,0.0,0.0,0.0,0.0,0.0,0.0,0.0,0.0,0.0,0.0,0.0,0.0,0.0,0.0,0.0,0.0,0.0,0.0,0.0,0.0,0.0,0.0,0.0,0.0,28846.0
201006,2010,6,20663.0,2439.0,664.0,1842.0,0.0,1311.0,0.0,0.0,0.0,460.0,3683.0,1665.0,0.0,339.0,0.0,310.0,0.0,0.0,0.0,0.0,380.0,0.0,0.0,0.0,0.0,0.0,0.0,0.0,0.0,0.0,0.0,0.0,0.0,0.0,0.0,0.0,0.0,0.0,0.0,0.0,0.0,0.0,0.0,0.0,0.0,0.0,0.0,0.0,33756.0
201007,2010,7,30755.0,1630.0,664.0,1986.0,0.0,1232.0,0.0,0.0,0.0,288.0,3870.0,850.0,0.0,279.0,0.0,0.0,0.0,0.0,0.0,0.0,275.0,0.0,637.0,0.0,0.0,0.0,0.0,0.0,0.0,0.0,0.0,0.0,0.0,0.0,0.0,0.0,0.0,0.0,0.0,0.0,0.0,0.0,0.0,0.0,0.0,0.0,0.0,0.0,42466.0
201008,2010,8,46088.0,1700.0,273.0,5953.0,0.0,1617.0,0.0,0.0,255.0,0.0,3442.0,1256.0,0.0,0.0,0.0,0.0,0.0,230.0,0.0,0.0,279.0,0.0,441.0,0.0,0.0,0.0,0.0,0.0,0.0,0.0,0.0,0.0,0.0,0.0,0.0,0.0,0.0,0.0,0.0,0.0,0.0,0.0,0.0,0.0,0.0,0.0,0.0,0.0,61534.0
201009,2010,9,23841.0,2574.0,399.0,1811.0,0.0,1444.0,0.0,0.0,369.0,0.0,4224.0,894.0,0.0,367.0,0.0,0.0,0.0,0.0,0.0,0.0,494.0,0.0,431.0,0.0,0.0,0.0,0.0,0.0,0.0,0.0,0.0,0.0,0.0,0.0,0.0,0.0,0.0,0.0,0.0,0.0,0.0,0.0,0.0,0.0,0.0,0.0,0.0,0.0,36848.0
201010,2010,10,17497.0,1663.0,461.0,787.0,218.0,1111.0,0.0,0.0,248.0,0.0,3253.0,660.0,0.0,318.0,0.0,382.0,0.0,0.0,0.0,0.0,0.0,0.0,0.0,0.0,0.0,0.0,0.0,0.0,0.0,0.0,0.0,0.0,0.0,0.0,0.0,0.0,0.0,0.0,0.0,0.0,0.0,0.0,0.0,0.0,0.0,0.0,0.0,0.0,26598.0
201011,2010,11,5975.0,250.0,112.0,162.0,0.0,303.0,0.0,0.0,0.0,0.0,790.0,141.0,0.0,86.0,0.0,64.0,0.0,64.0,0.0,0.0,0.0,0.0,0.0,0.0,128.0,0.0,0.0,0.0,0.0,0.0,0.0,0.0,0.0,0.0,0.0,0.0,0.0,0.0,0.0,0.0,0.0,0.0,0.0,0.0,0.0,0.0,0.0,0.0,8075.0
201012,2010,12,5218.0,74.0,45.0,46.0,0.0,55.0,0.0,34.0,0.0,0.0,240.0,146.0,0.0,38.0,0.0,0.0,0.0,27.0,0.0,0.0,0.0,0.0,0.0,0.0,44.0,0.0,0.0,0.0,0.0,0.0,0.0,0.0,0.0,0.0,0.0,0.0,0.0,0.0,0.0,0.0,0.0,0.0,0.0,0.0,0.0,0.0,0.0,0.0,5967.0
201101,2011,1,374.0,26.0,13.0,34.0,0.0,10.0,0.0,0.0,0.0,0.0,64.0,32.0,0.0,10.0,8.0,0.0,0.0,8.0,0.0,0.0,0.0,0.0,0.0,0.0,65.0,0.0,0.0,0.0,0.0,0.0,0.0,0.0,0.0,0.0,0.0,0.0,0.0,0.0,0.0,0.0,0.0,0.0,0.0,0.0,0.0,0.0,0.0,0.0,644.0
201102,2011,2,514.0,48.0,17.0,22.0,0.0,17.0,0.0,13.0,0.0,0.0,73.0,41.0,0.0,16.0,0.0,0.0,9.0,0.0,0.0,0.0,0.0,0.0,0.0,0.0,50.0,0.0,0.0,0.0,0.0,0.0,0.0,0.0,0.0,0.0,0.0,0.0,0.0,0.0,0.0,0.0,0.0,0.0,0.0,0.0,0.0,0.0,0.0,0.0,820.0
201103,2011,3,1510.0,250.0,82.0,80.0,0.0,47.0,0.0,34.0,34.0,0.0,259.0,601.0,0.0,0.0,0.0,0.0,0.0,0.0,0.0,0.0,88.0,0.0,0.0,0.0,38.0,0.0,0.0,0.0,0.0,0.0,0.0,0.0,0.0,0.0,0.0,0.0,0.0,0.0,0.0,0.0,0.0,0.0,0.0,0.0,0.0,0.0,0.0,0.0,3023.0
201104,2011,4,8291.0,1379.0,243.0,329.0,0.0,403.0,0.0,0.0,197.0,0.0,1741.0,1148.0,0.0,0.0,0.0,0.0,130.0,0.0,0.0,0.0,132.0,161.0,0.0,0.0,0.0,0.0,0.0,0.0,0.0,0.0,0.0,0.0,0.0,0.0,0.0,0.0,0.0,0.0,0.0,0.0,0.0,0.0,0.0,0.0,0.0,0.0,0.0,0.0,14154.0
201105,2011,5,7706.0,3059.0,484.0,1203.0,0.0,1375.0,0.0,0.0,0.0,460.0,3526.0,758.0,0.0,0.0,0.0,373.0,450.0,0.0,0.0,0.0,411.0,0.0,0.0,0.0,0.0,0.0,0.0,0.0,0.0,0.0,0.0,0.0,0.0,0.0,0.0,0.0,0.0,0.0,0.0,0.0,0.0,0.0,0.0,0.0,0.0,0.0,0.0,0.0,19805.0
201106,2011,6,10236.0,3225.0,703.0,1904.0,0.0,1510.0,0.0,0.0,0.0,560.0,3883.0,1948.0,0.0,0.0,0.0,407.0,454.0,0.0,0.0,0.0,409.0,0.0,0.0,0.0,0.0,0.0,0.0,0.0,0.0,0.0,0.0,0.0,0.0,0.0,0.0,0.0,0.0,0.0,0.0,0.0,0.0,0.0,0.0,0.0,0.0,0.0,0.0,0.0,25239.0
201107,2011,7,20268.0,1643.0,694.0,1713.0,0.0,1033.0,0.0,0.0,303.0,312.0,3406.0,676.0,0.0,0.0,0.0,0.0,0.0,0.0,0.0,0.0,365.0,0.0,429.0,0.0,0.0,0.0,0.0,0.0,0.0,0.0,0.0,0.0,0.0,0.0,0.0,0.0,0.0,0.0,0.0,0.0,0.0,0.0,0.0,0.0,0.0,0.0,0.0,0.0,30842.0
201108,2011,8,26617.0,1902.0,509.0,4543.0,0.0,1139.0,0.0,0.0,326.0,0.0,3818.0,1502.0,0.0,0.0,340.0,0.0,0.0,0.0,0.0,0.0,363.0,0.0,430.0,0.0,0.0,0.0,0.0,0.0,0.0,0.0,0.0,0.0,0.0,0.0,0.0,0.0,0.0,0.0,0.0,0.0,0.0,0.0,0.0,0.0,0.0,0.0,0.0,0.0,41489.0
201109,2011,9,12568.0,3081.0,0.0,1522.0,0.0,1415.0,0.0,0.0,503.0,375.0,4128.0,985.0,0.0,0.0,0.0,426.0,0.0,0.0,0.0,0.0,647.0,0.0,373.0,0.0,0.0,0.0,0.0,0.0,0.0,0.0,0.0,0.0,0.0,0.0,0.0,0.0,0.0,0.0,0.0,0.0,0.0,0.0,0.0,0.0,0.0,0.0,0.0,0.0,26023.0
201110,2011,10,6922.0,1668.0,480.0,667.0,307.0,1013.0,0.0,0.0,332.0,0.0,3221.0,774.0,0.0,350.0,0.0,509.0,0.0,0.0,0.0,0.0,0.0,0.0,0.0,0.0,0.0,0.0,0.0,0.0,0.0,0.0,0.0,0.0,0.0,0.0,0.0,0.0,0.0,0.0,0.0,0.0,0.0,0.0,0.0,0.0,0.0,0.0,0.0,0.0,16243.0
201111,2011,11,1836.0,251.0,103.0,127.0,0.0,154.0,0.0,0.0,0.0,0.0,630.0,108.0,0.0,69.0,0.0,83.0,0.0,84.0,0.0,0.0,0.0,0.0,0.0,0.0,146.0,0.0,0.0,0.0,0.0,0.0,0.0,0.0,0.0,0.0,0.0,0.0,0.0,0.0,0.0,0.0,0.0,0.0,0.0,0.0,0.0,0.0,0.0,0.0,3591.0
201112,2011,12,982.0,63.0,32.0,40.0,0.0,50.0,19.0,20.0,20.0,0.0,151.0,78.0,0.0,0.0,0.0,0.0,0.0,0.0,0.0,0.0,0.0,0.0,0.0,0.0,43.0,0.0,0.0,0.0,0.0,0.0,0.0,0.0,0.0,0.0,0.0,0.0,0.0,0.0,0.0,0.0,0.0,0.0,0.0,0.0,0.0,0.0,0.0,0.0,1498.0
201201,2012,1,483.0,33.0,36.0,49.0,0.0,10.0,0.0,0.0,0.0,0.0,98.0,19.0,0.0,19.0,11.0,11.0,0.0,0.0,0.0,0.0,0.0,0.0,0.0,0.0,103.0,0.0,0.0,0.0,0.0,0.0,0.0,0.0,0.0,0.0,0.0,0.0,0.0,0.0,0.0,0.0,0.0,0.0,0.0,0.0,0.0,0.0,0.0,0.0,872.0
201202,2012,2,587.0,62.0,19.0,23.0,0.0,19.0,0.0,15.0,34.0,0.0,143.0,322.0,0.0,26.0,0.0,0.0,0.0,0.0,0.0,0.0,0.0,0.0,0.0,0.0,55.0,0.0,0.0,0.0,0.0,0.0,0.0,0.0,0.0,0.0,0.0,0.0,0.0,0.0,0.0,0.0,0.0,0.0,0.0,0.0,0.0,0.0,0.0,0.0,1305.0
201203,2012,3,1732.0,327.0,112.0,111.0,0.0,90.0,0.0,42.0,58.0,0.0,417.0,229.0,0.0,0.0,0.0,0.0,0.0,0.0,0.0,0.0,93.0,0.0,0.0,0.0,49.0,0.0,0.0,0.0,0.0,0.0,0.0,0.0,0.0,0.0,0.0,0.0,0.0,0.0,0.0,0.0,0.0,0.0,0.0,0.0,0.0,0.0,0.0,0.0,3260.0
201204,2012,4,7331.0,1325.0,385.0,512.0,0.0,593.0,0.0,0.0,277.0,165.0,2121.0,1591.0,0.0,0.0,0.0,173.0,0.0,0.0,0.0,0.0,276.0,0.0,0.0,0.0,0.0,0.0,0.0,0.0,0.0,0.0,0.0,0.0,0.0,0.0,0.0,0.0,0.0,0.0,0.0,0.0,0.0,0.0,0.0,0.0,0.0,0.0,0.0,0.0,14749.0
201205,2012,5,7188.0,2901.0,937.0,1251.0,0.0,1383.0,0.0,0.0,532.0,644.0,4538.0,1101.0,0.0,0.0,0.0,460.0,0.0,0.0,0.0,0.0,841.0,0.0,0.0,0.0,0.0,0.0,0.0,0.0,0.0,0.0,0.0,0.0,0.0,0.0,0.0,0.0,0.0,0.0,0.0,0.0,0.0,0.0,0.0,0.0,0.0,0.0,0.0,0.0,21776.0
201206,2012,6,10551.0,2741.0,1235.0,1658.0,0.0,1397.0,0.0,0.0,603.0,640.0,4256.0,1445.0,0.0,0.0,0.0,460.0,0.0,0.0,0.0,0.0,531.0,0.0,0.0,0.0,0.0,0.0,0.0,0.0,0.0,0.0,0.0,0.0,0.0,0.0,0.0,0.0,0.0,0.0,0.0,0.0,0.0,0.0,0.0,0.0,0.0,0.0,0.0,0.0,25517.0
201207,2012,7,20157.0,1512.0,1254.0,1776.0,0.0,975.0,0.0,0.0,439.0,389.0,3988.0,1278.0,0.0,0.0,0.0,0.0,0.0,0.0,0.0,0.0,542.0,0.0,508.0,0.0,0.0,0.0,0.0,0.0,0.0,0.0,0.0,0.0,0.0,0.0,0.0,0.0,0.0,0.0,0.0,0.0,0.0,0.0,0.0,0.0,0.0,0.0,0.0,0.0,32818.0
201208,2012,8,25570.0,1735.0,562.0,4688.0,0.0,1042.0,0.0,0.0,423.0,387.0,3829.0,1833.0,0.0,0.0,0.0,0.0,0.0,0.0,0.0,0.0,465.0,0.0,562.0,0.0,0.0,0.0,0.0,0.0,0.0,0.0,0.0,0.0,0.0,0.0,0.0,0.0,0.0,0.0,0.0,0.0,0.0,0.0,0.0,0.0,0.0,0.0,0.0,0.0,41096.0
201209,2012,9,12239.0,2698.0,1008.0,1389.0,0.0,1418.0,0.0,0.0,797.0,0.0,4840.0,1265.0,0.0,0.0,0.0,455.0,0.0,0.0,0.0,0.0,782.0,0.0,430.0,0.0,0.0,0.0,0.0,0.0,0.0,0.0,0.0,0.0,0.0,0.0,0.0,0.0,0.0,0.0,0.0,0.0,0.0,0.0,0.0,0.0,0.0,0.0,0.0,0.0,27321.0
201210,2012,10,6735.0,1986.0,1254.0,695.0,416.0,931.0,0.0,0.0,476.0,0.0,3710.0,919.0,0.0,0.0,0.0,641.0,0.0,0.0,0.0,0.0,0.0,0.0,0.0,0.0,328.0,0.0,0.0,0.0,0.0,0.0,0.0,0.0,0.0,0.0,0.0,0.0,0.0,0.0,0.0,0.0,0.0,0.0,0.0,0.0,0.0,0.0,0.0,0.0,18091.0
201211,2012,11,1854.0,242.0,241.0,184.0,82.0,198.0,0.0,0.0,90.0,0.0,714.0,241.0,0.0,0.0,0.0,118.0,0.0,0.0,0.0,0.0,0.0,0.0,0.0,0.0,206.0,0.0,0.0,0.0,0.0,0.0,0.0,0.0,0.0,0.0,0.0,0.0,0.0,0.0,0.0,0.0,0.0,0.0,0.0,0.0,0.0,0.0,0.0,0.0,4170.0
201212,2012,12,835.0,53.0,25.0,67.0,22.0,64.0,0.0,0.0,0.0,25.0,202.0,85.0,0.0,0.0,0.0,23.0,0.0,0.0,0.0,0.0,0.0,0.0,0.0,0.0,82.0,0.0,0.0,0.0,0.0,0.0,0.0,0.0,0.0,0.0,0.0,0.0,0.0,0.0,0.0,0.0,0.0,0.0,0.0,0.0,0.0,0.0,0.0,0.0,1483.0
201301,2013,1,390.0,35.0,30.0,31.0,16.0,14.0,0.0,14.0,0.0,0.0,92.0,47.0,0.0,19.0,0.0,0.0,0.0,0.0,0.0,0.0,0.0,0.0,0.0,0.0,118.0,0.0,0.0,0.0,0.0,0.0,0.0,0.0,0.0,0.0,0.0,0.0,0.0,0.0,0.0,0.0,0.0,0.0,0.0,0.0,0.0,0.0,0.0,0.0,806.0
201302,2013,2,604.0,55.0,34.0,26.0,0.0,24.0,0.0,12.0,0.0,0.0,161.0,284.0,0.0,0.0,12.0,0.0,0.0,0.0,0.0,0.0,76.0,0.0,0.0,0.0,94.0,0.0,0.0,0.0,0.0,0.0,0.0,0.0,0.0,0.0,0.0,0.0,0.0,0.0,0.0,0.0,0.0,0.0,0.0,0.0,0.0,0.0,0.0,0.0,1382.0
201303,2013,3,4439.0,455.0,237.0,139.0,0.0,73.0,0.0,0.0,114.0,0.0,754.0,808.0,0.0,66.0,0.0,0.0,0.0,0.0,0.0,0.0,72.0,0.0,0.0,0.0,71.0,0.0,0.0,0.0,0.0,0.0,0.0,0.0,0.0,0.0,0.0,0.0,0.0,0.0,0.0,0.0,0.0,0.0,0.0,0.0,0.0,0.0,0.0,0.0,7228.0
201304,2013,4,4478.0,1200.0,549.0,487.0,171.0,398.0,0.0,0.0,315.0,0.0,1958.0,1281.0,0.0,0.0,0.0,184.0,0.0,0.0,0.0,0.0,511.0,0.0,0.0,0.0,0.0,0.0,0.0,0.0,0.0,0.0,0.0,0.0,0.0,0.0,0.0,0.0,0.0,0.0,0.0,0.0,0.0,0.0,0.0,0.0,0.0,0.0,0.0,0.0,11532.0
201305,2013,5,7961.0,3475.0,1509.0,1579.0,0.0,1641.0,0.0,0.0,643.0,606.0,5289.0,1068.0,0.0,0.0,0.0,555.0,0.0,0.0,0.0,0.0,879.0,0.0,0.0,0.0,0.0,0.0,0.0,0.0,0.0,0.0,0.0,0.0,0.0,0.0,0.0,0.0,0.0,0.0,0.0,0.0,0.0,0.0,0.0,0.0,0.0,0.0,0.0,0.0,25205.0
201306,2013,6,11383.0,2728.0,2166.0,2184.0,0.0,1522.0,0.0,0.0,617.0,723.0,4977.0,1867.0,0.0,0.0,0.0,526.0,0.0,0.0,0.0,0.0,681.0,0.0,0.0,0.0,0.0,0.0,0.0,0.0,0.0,0.0,0.0,0.0,0.0,0.0,0.0,0.0,0.0,0.0,0.0,0.0,0.0,0.0,0.0,0.0,0.0,0.0,0.0,0.0,29374.0
201307,2013,7,22472.0,1582.0,1645.0,2315.0,0.0,953.0,0.0,0.0,531.0,393.0,4312.0,1176.0,0.0,0.0,0.0,0.0,0.0,0.0,0.0,0.0,656.0,0.0,524.0,0.0,0.0,0.0,0.0,0.0,0.0,0.0,0.0,0.0,0.0,0.0,0.0,0.0,0.0,0.0,0.0,0.0,0.0,0.0,0.0,0.0,0.0,0.0,0.0,0.0,36559.0
201308,2013,8,29793.0,1854.0,616.0,5717.0,0.0,1070.0,0.0,0.0,460.0,0.0,3685.0,2083.0,0.0,0.0,0.0,0.0,0.0,0.0,0.0,0.0,491.0,0.0,572.0,0.0,385.0,0.0,0.0,0.0,0.0,0.0,0.0,0.0,0.0,0.0,0.0,0.0,0.0,0.0,0.0,0.0,0.0,0.0,0.0,0.0,0.0,0.0,0.0,0.0,46726.0
201309,2013,9,14547.0,2614.0,1378.0,1846.0,566.0,1225.0,0.0,0.0,738.0,0.0,5110.0,1269.0,0.0,0.0,0.0,563.0,0.0,0.0,0.0,0.0,1038.0,0.0,0.0,0.0,0.0,0.0,0.0,0.0,0.0,0.0,0.0,0.0,0.0,0.0,0.0,0.0,0.0,0.0,0.0,0.0,0.0,0.0,0.0,0.0,0.0,0.0,0.0,0.0,30894.0
201310,2013,10,6584.0,1887.0,1646.0,1032.0,691.0,1117.0,0.0,0.0,632.0,0.0,4024.0,598.0,0.0,0.0,0.0,851.0,0.0,0.0,0.0,0.0,545.0,0.0,0.0,0.0,0.0,0.0,0.0,0.0,0.0,0.0,0.0,0.0,0.0,0.0,0.0,0.0,0.0,0.0,0.0,0.0,0.0,0.0,0.0,0.0,0.0,0.0,0.0,0.0,19607.0
201311,2013,11,2291.0,254.0,276.0,192.0,135.0,213.0,0.0,0.0,120.0,0.0,867.0,118.0,0.0,0.0,0.0,124.0,0.0,0.0,0.0,0.0,0.0,0.0,0.0,0.0,317.0,0.0,0.0,0.0,0.0,0.0,0.0,0.0,0.0,0.0,0.0,0.0,0.0,0.0,0.0,0.0,0.0,0.0,0.0,0.0,0.0,0.0,0.0,0.0,4907.0
201312,2013,12,951.0,63.0,38.0,73.0,21.0,56.0,0.0,0.0,0.0,22.0,209.0,98.0,0.0,0.0,0.0,28.0,0.0,0.0,0.0,0.0,0.0,0.0,0.0,0.0,100.0,0.0,0.0,0.0,0.0,0.0,0.0,0.0,0.0,0.0,0.0,0.0,0.0,0.0,0.0,0.0,0.0,0.0,0.0,0.0,0.0,0.0,0.0,0.0,1659.0
201401,2014,1,416.0,22.0,29.0,69.0,0.0,18.0,0.0,0.0,0.0,0.0,130.0,49.0,0.0,22.0,18.0,0.0,0.0,0.0,0.0,0.0,0.0,0.0,0.0,0.0,120.0,0.0,13.0,0.0,0.0,0.0,0.0,0.0,0.0,0.0,0.0,0.0,0.0,0.0,0.0,0.0,0.0,0.0,0.0,0.0,0.0,0.0,0.0,0.0,906.0
201402,2014,2,495.0,42.0,22.0,34.0,18.0,22.0,0.0,24.0,0.0,0.0,110.0,27.0,0.0,0.0,0.0,0.0,0.0,0.0,0.0,0.0,76.0,0.0,0.0,0.0,100.0,0.0,0.0,0.0,0.0,0.0,0.0,0.0,0.0,0.0,0.0,0.0,0.0,0.0,0.0,0.0,0.0,0.0,0.0,0.0,0.0,0.0,0.0,0.0,970.0
201403,2014,3,1529.0,402.0,149.0,95.0,0.0,57.0,0.0,42.0,59.0,0.0,427.0,273.0,0.0,54.0,0.0,0.0,0.0,0.0,0.0,0.0,0.0,0.0,0.0,0.0,63.0,0.0,0.0,0.0,0.0,0.0,0.0,0.0,0.0,0.0,0.0,0.0,0.0,0.0,0.0,0.0,0.0,0.0,0.0,0.0,0.0,0.0,0.0,0.0,3150.0
201404,2014,4,8247.0,1257.0,588.0,973.0,242.0,528.0,0.0,0.0,334.0,0.0,2388.0,1834.0,0.0,0.0,0.0,0.0,0.0,0.0,0.0,0.0,686.0,0.0,0.0,0.0,270.0,0.0,0.0,0.0,0.0,0.0,0.0,0.0,0.0,0.0,0.0,0.0,0.0,0.0,0.0,0.0,0.0,0.0,0.0,0.0,0.0,0.0,0.0,0.0,17347.0
201405,2014,5,8736.0,2951.0,1728.0,1898.0,638.0,1739.0,0.0,0.0,764.0,750.0,5508.0,1694.0,0.0,0.0,0.0,0.0,0.0,0.0,0.0,0.0,948.0,0.0,0.0,0.0,0.0,0.0,0.0,0.0,0.0,0.0,0.0,0.0,0.0,0.0,0.0,0.0,0.0,0.0,0.0,0.0,0.0,0.0,0.0,0.0,0.0,0.0,0.0,0.0,27354.0
201406,2014,6,12661.0,3074.0,2412.0,2843.0,695.0,1673.0,0.0,0.0,682.0,801.0,5715.0,1794.0,0.0,0.0,0.0,0.0,0.0,0.0,0.0,0.0,671.0,0.0,0.0,0.0,0.0,0.0,0.0,0.0,0.0,0.0,0.0,0.0,0.0,0.0,0.0,0.0,0.0,0.0,0.0,0.0,0.0,0.0,0.0,0.0,0.0,0.0,0.0,0.0,33021.0
201407,2014,7,23811.0,1411.0,1877.0,2686.0,0.0,1180.0,0.0,0.0,582.0,0.0,5071.0,1274.0,0.0,0.0,0.0,0.0,0.0,0.0,0.0,0.0,509.0,0.0,698.0,0.0,482.0,0.0,0.0,0.0,0.0,0.0,0.0,0.0,0.0,0.0,0.0,0.0,0.0,0.0,0.0,0.0,0.0,0.0,0.0,0.0,0.0,0.0,0.0,0.0,39581.0
201408,2014,8,31294.0,1970.0,798.0,7733.0,0.0,1137.0,0.0,0.0,458.0,0.0,4026.0,2212.0,0.0,0.0,0.0,0.0,0.0,0.0,0.0,0.0,407.0,0.0,728.0,0.0,455.0,0.0,0.0,0.0,0.0,0.0,0.0,0.0,0.0,0.0,0.0,0.0,0.0,0.0,0.0,0.0,0.0,0.0,0.0,0.0,0.0,0.0,0.0,0.0,51218.0
201409,2014,9,14744.0,3024.0,1647.0,2442.0,670.0,1445.0,0.0,0.0,785.0,0.0,6409.0,1484.0,0.0,762.0,0.0,0.0,0.0,0.0,0.0,0.0,1045.0,0.0,0.0,0.0,0.0,0.0,0.0,0.0,0.0,0.0,0.0,0.0,0.0,0.0,0.0,0.0,0.0,0.0,0.0,0.0,0.0,0.0,0.0,0.0,0.0,0.0,0.0,0.0,34457.0
201410,2014,10,8809.0,1787.0,1947.0,1140.0,783.0,1239.0,0.0,0.0,0.0,0.0,4772.0,678.0,0.0,0.0,0.0,816.0,0.0,0.0,0.0,0.0,607.0,0.0,0.0,0.0,627.0,0.0,0.0,0.0,0.0,0.0,0.0,0.0,0.0,0.0,0.0,0.0,0.0,0.0,0.0,0.0,0.0,0.0,0.0,0.0,0.0,0.0,0.0,0.0,23205.0
201411,2014,11,1922.0,325.0,316.0,219.0,146.0,237.0,0.0,0.0,103.0,0.0,860.0,192.0,0.0,0.0,0.0,163.0,0.0,0.0,0.0,0.0,0.0,0.0,0.0,0.0,320.0,0.0,0.0,0.0,0.0,0.0,0.0,0.0,0.0,0.0,0.0,0.0,0.0,0.0,0.0,0.0,0.0,0.0,0.0,0.0,0.0,0.0,0.0,0.0,4803.0
201412,2014,12,961.0,78.0,64.0,109.0,0.0,69.0,0.0,0.0,30.0,0.0,249.0,145.0,0.0,28.0,0.0,0.0,0.0,0.0,0.0,0.0,0.0,0.0,21.0,0.0,116.0,0.0,0.0,0.0,0.0,0.0,0.0,0.0,0.0,0.0,0.0,0.0,0.0,0.0,0.0,0.0,0.0,0.0,0.0,0.0,0.0,0.0,0.0,0.0,1870.0
201501,2015,1,493.0,52.0,65.0,80.0,0.0,20.0,0.0,0.0,0.0,0.0,174.0,69.0,0.0,29.0,0.0,0.0,0.0,0.0,0.0,12.0,0.0,0.0,0.0,0.0,202.0,21.0,0.0,0.0,0.0,0.0,0.0,0.0,0.0,0.0,0.0,0.0,0.0,0.0,0.0,0.0,0.0,0.0,0.0,0.0,0.0,0.0,0.0,0.0,1217.0
201502,2015,2,667.0,54.0,43.0,49.0,0.0,0.0,0.0,0.0,0.0,19.0,206.0,233.0,0.0,26.0,0.0,0.0,0.0,0.0,0.0,0.0,80.0,0.0,0.0,0.0,146.0,0.0,21.0,0.0,0.0,0.0,0.0,0.0,0.0,0.0,0.0,0.0,0.0,0.0,0.0,0.0,0.0,0.0,0.0,0.0,0.0,0.0,0.0,0.0,1544.0
201503,2015,3,2891.0,437.0,183.0,151.0,0.0,54.0,0.0,60.0,80.0,0.0,606.0,449.0,0.0,0.0,0.0,0.0,0.0,0.0,0.0,0.0,59.0,0.0,0.0,0.0,110.0,0.0,0.0,0.0,0.0,0.0,0.0,0.0,0.0,0.0,0.0,0.0,0.0,0.0,0.0,0.0,0.0,0.0,0.0,0.0,0.0,0.0,0.0,0.0,5080.0
201504,2015,4,8727.0,1508.0,684.0,663.0,257.0,538.0,0.0,0.0,468.0,0.0,2765.0,1237.0,0.0,0.0,0.0,0.0,0.0,0.0,0.0,0.0,532.0,0.0,0.0,0.0,342.0,0.0,0.0,0.0,0.0,0.0,0.0,0.0,0.0,0.0,0.0,0.0,0.0,0.0,0.0,0.0,0.0,0.0,0.0,0.0,0.0,0.0,0.0,0.0,17721.0
201505,2015,5,9039.0,3674.0,2034.0,2250.0,0.0,1663.0,0.0,0.0,956.0,779.0,6519.0,2292.0,0.0,814.0,0.0,0.0,0.0,0.0,0.0,0.0,1056.0,0.0,0.0,0.0,0.0,0.0,0.0,0.0,0.0,0.0,0.0,0.0,0.0,0.0,0.0,0.0,0.0,0.0,0.0,0.0,0.0,0.0,0.0,0.0,0.0,0.0,0.0,0.0,31076.0
201506,2015,6,13709.0,2900.0,2998.0,3226.0,0.0,1783.0,0.0,0.0,802.0,771.0,6477.0,1677.0,0.0,720.0,0.0,0.0,0.0,0.0,0.0,0.0,860.0,0.0,0.0,0.0,0.0,0.0,0.0,0.0,0.0,0.0,0.0,0.0,0.0,0.0,0.0,0.0,0.0,0.0,0.0,0.0,0.0,0.0,0.0,0.0,0.0,0.0,0.0,0.0,35923.0
201507,2015,7,27071.0,1705.0,2069.0,3193.0,0.0,1194.0,0.0,0.0,611.0,0.0,5579.0,1540.0,0.0,0.0,0.0,0.0,0.0,0.0,0.0,0.0,527.0,0.0,818.0,0.0,487.0,0.0,0.0,0.0,0.0,0.0,0.0,0.0,0.0,0.0,0.0,0.0,0.0,0.0,0.0,0.0,0.0,0.0,0.0,0.0,0.0,0.0,0.0,0.0,44794.0
201508,2015,8,33222.0,2236.0,774.0,7964.0,0.0,1582.0,0.0,0.0,599.0,0.0,4508.0,2235.0,0.0,0.0,0.0,0.0,0.0,0.0,0.0,0.0,473.0,0.0,763.0,0.0,438.0,0.0,0.0,0.0,0.0,0.0,0.0,0.0,0.0,0.0,0.0,0.0,0.0,0.0,0.0,0.0,0.0,0.0,0.0,0.0,0.0,0.0,0.0,0.0,54794.0
201509,2015,9,15365.0,3220.0,1947.0,2820.0,0.0,1497.0,0.0,0.0,990.0,0.0,7217.0,1671.0,0.0,0.0,0.0,777.0,0.0,0.0,0.0,0.0,1052.0,0.0,873.0,0.0,0.0,0.0,0.0,0.0,0.0,0.0,0.0,0.0,0.0,0.0,0.0,0.0,0.0,0.0,0.0,0.0,0.0,0.0,0.0,0.0,0.0,0.0,0.0,0.0,37429.0
201510,2015,10,8030.0,2681.0,2454.0,1363.0,755.0,1262.0,0.0,0.0,744.0,0.0,5816.0,789.0,0.0,0.0,0.0,1009.0,0.0,0.0,0.0,0.0,673.0,0.0,0.0,0.0,0.0,0.0,0.0,0.0,0.0,0.0,0.0,0.0,0.0,0.0,0.0,0.0,0.0,0.0,0.0,0.0,0.0,0.0,0.0,0.0,0.0,0.0,0.0,0.0,25576.0
201511,2015,11,2070.0,318.0,358.0,279.0,149.0,231.0,0.0,0.0,0.0,0.0,1051.0,184.0,0.0,116.0,0.0,157.0,0.0,0.0,0.0,0.0,0.0,0.0,0.0,0.0,315.0,0.0,0.0,0.0,0.0,0.0,0.0,0.0,0.0,0.0,0.0,0.0,0.0,0.0,0.0,0.0,0.0,0.0,0.0,0.0,0.0,0.0,0.0,0.0,5228.0
201512,2015,12,1096.0,83.0,60.0,111.0,0.0,73.0,0.0,37.0,28.0,0.0,311.0,105.0,0.0,41.0,0.0,0.0,0.0,0.0,0.0,0.0,0.0,0.0,0.0,0.0,117.0,0.0,0.0,0.0,0.0,0.0,0.0,0.0,0.0,0.0,0.0,0.0,0.0,0.0,0.0,0.0,0.0,0.0,0.0,0.0,0.0,0.0,0.0,0.0,2062.0
201601,2016,1,579.0,61.0,50.0,86.0,0.0,0.0,0.0,0.0,0.0,0.0,189.0,69.0,0.0,44.0,0.0,0.0,0.0,0.0,0.0,18.0,0.0,0.0,19.0,0.0,170.0,0.0,19.0,0.0,0.0,0.0,0.0,0.0,0.0,0.0,0.0,0.0,0.0,0.0,0.0,0.0,0.0,0.0,0.0,0.0,0.0,0.0,0.0,0.0,1304.0
201602,2016,2,689.0,84.0,42.0,86.0,0.0,32.0,0.0,34.0,0.0,0.0,189.0,259.0,0.0,33.0,0.0,0.0,0.0,0.0,0.0,0.0,36.0,0.0,0.0,0.0,249.0,0.0,0.0,0.0,0.0,0.0,0.0,0.0,0.0,0.0,0.0,0.0,0.0,0.0,0.0,0.0,0.0,0.0,0.0,0.0,0.0,0.0,0.0,0.0,1733.0
201603,2016,3,6834.0,819.0,284.0,247.0,0.0,0.0,0.0,0.0,163.0,0.0,1160.0,885.0,0.0,111.0,120.0,0.0,0.0,0.0,0.0,0.0,330.0,0.0,0.0,0.0,114.0,0.0,0.0,0.0,0.0,0.0,0.0,0.0,0.0,0.0,0.0,0.0,0.0,0.0,0.0,0.0,0.0,0.0,0.0,0.0,0.0,0.0,0.0,0.0,11067.0
201604,2016,4,5134.0,1560.0,679.0,950.0,0.0,666.0,0.0,0.0,561.0,0.0,2705.0,1510.0,0.0,252.0,0.0,0.0,0.0,0.0,0.0,0.0,651.0,0.0,0.0,0.0,432.0,0.0,0.0,0.0,0.0,0.0,0.0,0.0,0.0,0.0,0.0,0.0,0.0,0.0,0.0,0.0,0.0,0.0,0.0,0.0,0.0,0.0,0.0,0.0,15100.0
201605,2016,5,9384.0,4042.0,2375.0,2411.0,875.0,1486.0,0.0,0.0,1016.0,0.0,7587.0,1506.0,0.0,844.0,0.0,0.0,0.0,0.0,0.0,0.0,1250.0,0.0,0.0,0.0,0.0,0.0,0.0,0.0,0.0,0.0,0.0,0.0,0.0,0.0,0.0,0.0,0.0,0.0,0.0,0.0,0.0,0.0,0.0,0.0,0.0,0.0,0.0,0.0,32776.0
201606,2016,6,14187.0,3310.0,3193.0,3751.0,797.0,1745.0,0.0,0.0,960.0,0.0,7230.0,2158.0,0.0,780.0,0.0,0.0,0.0,0.0,0.0,0.0,959.0,0.0,0.0,0.0,0.0,0.0,0.0,0.0,0.0,0.0,0.0,0.0,0.0,0.0,0.0,0.0,0.0,0.0,0.0,0.0,0.0,0.0,0.0,0.0,0.0,0.0,0.0,0.0,39070.0
201607,2016,7,26710.0,2033.0,2322.0,3307.0,0.0,1124.0,0.0,0.0,678.0,0.0,5971.0,1564.0,0.0,0.0,596.0,0.0,0.0,0.0,0.0,0.0,602.0,0.0,564.0,0.0,0.0,0.0,0.0,0.0,0.0,0.0,0.0,0.0,0.0,0.0,0.0,0.0,0.0,0.0,0.0,0.0,0.0,0.0,0.0,0.0,0.0,0.0,0.0,0.0,45471.0
201608,2016,8,32249.0,2376.0,865.0,7507.0,0.0,1183.0,0.0,0.0,577.0,0.0,5031.0,2236.0,0.0,0.0,0.0,0.0,0.0,0.0,0.0,0.0,557.0,0.0,711.0,0.0,412.0,0.0,0.0,0.0,0.0,0.0,0.0,0.0,0.0,0.0,0.0,0.0,0.0,0.0,0.0,0.0,0.0,0.0,0.0,0.0,0.0,0.0,0.0,0.0,53704.0
201609,2016,9,15825.0,3671.0,2365.0,3306.0,0.0,1196.0,0.0,0.0,1055.0,0.0,7882.0,1566.0,0.0,0.0,0.0,865.0,0.0,0.0,0.0,0.0,1309.0,0.0,1109.0,0.0,0.0,0.0,0.0,0.0,0.0,0.0,0.0,0.0,0.0,0.0,0.0,0.0,0.0,0.0,0.0,0.0,0.0,0.0,0.0,0.0,0.0,0.0,0.0,0.0,40149.0
201610,2016,10,8728.0,2759.0,2617.0,1649.0,856.0,1015.0,0.0,0.0,822.0,0.0,6840.0,1147.0,0.0,803.0,0.0,986.0,0.0,0.0,0.0,0.0,0.0,0.0,0.0,0.0,0.0,0.0,0.0,0.0,0.0,0.0,0.0,0.0,0.0,0.0,0.0,0.0,0.0,0.0,0.0,0.0,0.0,0.0,0.0,0.0,0.0,0.0,0.0,0.0,28222.0
201611,2016,11,2320.0,407.0,384.0,509.0,0.0,245.0,0.0,0.0,156.0,0.0,1466.0,218.0,0.0,178.0,0.0,0.0,0.0,157.0,0.0,0.0,0.0,0.0,0.0,0.0,354.0,0.0,0.0,0.0,0.0,0.0,0.0,0.0,0.0,0.0,0.0,0.0,0.0,0.0,0.0,0.0,0.0,0.0,0.0,0.0,0.0,0.0,0.0,0.0,6394.0
201612,2016,12,1591.0,98.0,60.0,135.0,0.0,76.0,0.0,0.0,0.0,0.0,439.0,127.0,0.0,74.0,0.0,0.0,0.0,0.0,0.0,98.0,0.0,0.0,0.0,0.0,120.0,0.0,0.0,46.0,0.0,0.0,0.0,0.0,0.0,0.0,0.0,0.0,0.0,0.0,0.0,0.0,0.0,0.0,0.0,0.0,0.0,0.0,0.0,0.0,2864.0
201701,2017,1,564.0,57.0,54.0,93.0,19.0,24.0,0.0,0.0,0.0,0.0,240.0,50.0,0.0,26.0,0.0,0.0,0.0,0.0,0.0,0.0,0.0,0.0,0.0,0.0,208.0,0.0,19.0,0.0,0.0,0.0,0.0,0.0,0.0,0.0,0.0,0.0,0.0,0.0,0.0,0.0,0.0,0.0,0.0,0.0,0.0,0.0,0.0,0.0,1354.0
201702,2017,2,692.0,91.0,54.0,77.0,0.0,0.0,0.0,0.0,25.0,0.0,257.0,145.0,0.0,28.0,0.0,0.0,0.0,0.0,0.0,0.0,40.0,0.0,22.0,0.0,265.0,0.0,0.0,0.0,0.0,0.0,0.0,0.0,0.0,0.0,0.0,0.0,0.0,0.0,0.0,0.0,0.0,0.0,0.0,0.0,0.0,0.0,0.0,0.0,1696.0
201703,2017,3,2290.0,584.0,231.0,269.0,0.0,87.0,0.0,0.0,86.0,0.0,808.0,423.0,0.0,82.0,0.0,0.0,0.0,0.0,0.0,0.0,195.0,0.0,0.0,0.0,121.0,0.0,0.0,0.0,0.0,0.0,0.0,0.0,0.0,0.0,0.0,0.0,0.0,0.0,0.0,0.0,0.0,0.0,0.0,0.0,0.0,0.0,0.0,0.0,5176.0
201704,2017,4,12442.0,2331.0,925.0,1244.0,0.0,628.0,0.0,0.0,584.0,0.0,4228.0,2777.0,0.0,343.0,354.0,0.0,0.0,0.0,0.0,0.0,1069.0,0.0,0.0,0.0,0.0,0.0,0.0,0.0,0.0,0.0,0.0,0.0,0.0,0.0,0.0,0.0,0.0,0.0,0.0,0.0,0.0,0.0,0.0,0.0,0.0,0.0,0.0,0.0,26925.0
201705,2017,5,9268.0,4304.0,2685.0,2931.0,917.0,1489.0,0.0,0.0,1052.0,0.0,8994.0,1595.0,0.0,1018.0,0.0,0.0,0.0,0.0,0.0,0.0,1094.0,0.0,0.0,0.0,0.0,0.0,0.0,0.0,0.0,0.0,0.0,0.0,0.0,0.0,0.0,0.0,0.0,0.0,0.0,0.0,0.0,0.0,0.0,0.0,0.0,0.0,0.0,0.0,35347.0
201706,2017,6,14756.0,3967.0,3797.0,3665.0,897.0,1568.0,0.0,0.0,877.0,0.0,8545.0,1591.0,0.0,999.0,0.0,0.0,0.0,0.0,0.0,0.0,957.0,0.0,0.0,0.0,0.0,0.0,0.0,0.0,0.0,0.0,0.0,0.0,0.0,0.0,0.0,0.0,0.0,0.0,0.0,0.0,0.0,0.0,0.0,0.0,0.0,0.0,0.0,0.0,41619.0
201707,2017,7,27096.0,2168.0,2505.0,3722.0,0.0,1131.0,0.0,0.0,644.0,0.0,6523.0,1505.0,0.0,0.0,0.0,0.0,0.0,0.0,0.0,0.0,583.0,0.0,1021.0,0.0,572.0,0.0,0.0,0.0,0.0,0.0,0.0,0.0,0.0,0.0,0.0,0.0,0.0,0.0,0.0,0.0,0.0,0.0,0.0,0.0,0.0,0.0,0.0,0.0,47470.0
201708,2017,8,34198.0,2363.0,1137.0,9262.0,0.0,1151.0,0.0,0.0,503.0,0.0,5316.0,1679.0,0.0,0.0,0.0,0.0,0.0,0.0,0.0,0.0,537.0,0.0,1063.0,0.0,471.0,0.0,0.0,0.0,0.0,0.0,0.0,0.0,0.0,0.0,0.0,0.0,0.0,0.0,0.0,0.0,0.0,0.0,0.0,0.0,0.0,0.0,0.0,0.0,57680.0
201709,2017,9,16720.0,3780.0,2515.0,3419.0,866.0,1236.0,0.0,0.0,1017.0,0.0,8877.0,1410.0,0.0,0.0,0.0,0.0,0.0,0.0,0.0,0.0,1389.0,0.0,960.0,0.0,0.0,0.0,0.0,0.0,0.0,0.0,0.0,0.0,0.0,0.0,0.0,0.0,0.0,0.0,0.0,0.0,0.0,0.0,0.0,0.0,0.0,0.0,0.0,0.0,42189.0
201710,2017,10,10170.0,2837.0,3105.0,1756.0,992.0,1107.0,0.0,0.0,794.0,0.0,7354.0,1243.0,0.0,899.0,0.0,1084.0,0.0,0.0,0.0,0.0,0.0,0.0,0.0,0.0,0.0,0.0,0.0,0.0,0.0,0.0,0.0,0.0,0.0,0.0,0.0,0.0,0.0,0.0,0.0,0.0,0.0,0.0,0.0,0.0,0.0,0.0,0.0,0.0,31341.0
201711,2017,11,2719.0,618.0,427.0,489.0,0.0,322.0,0.0,0.0,132.0,0.0,1510.0,317.0,0.0,224.0,0.0,157.0,0.0,0.0,0.0,0.0,0.0,0.0,0.0,0.0,431.0,0.0,0.0,0.0,0.0,0.0,0.0,0.0,0.0,0.0,0.0,0.0,0.0,0.0,0.0,0.0,0.0,0.0,0.0,0.0,0.0,0.0,0.0,0.0,7346.0
201712,2017,12,1564.0,127.0,87.0,146.0,68.0,72.0,0.0,0.0,37.0,0.0,393.0,206.0,0.0,44.0,0.0,0.0,0.0,0.0,0.0,0.0,0.0,0.0,0.0,0.0,149.0,0.0,0.0,0.0,0.0,0.0,0.0,0.0,0.0,0.0,0.0,0.0,0.0,0.0,0.0,0.0,0.0,0.0,0.0,0.0,0.0,0.0,0.0,0.0,2893.0
201801,2018,1,681.0,65.0,46.0,117.0,25.0,33.0,12.0,17.0,22.0,0.0,109.0,57.0,0.0,66.0,23.0,18.0,0.0,0.0,0.0,41.0,0.0,0.0,0.0,0.0,194.0,16.0,38.0,10.0,28.0,9.0,0.0,0.0,0.0,0.0,0.0,0.0,0.0,0.0,0.0,0.0,0.0,0.0,0.0,0.0,0.0,0.0,0.0,0.0,1627.0
201802,2018,2,791.0,129.0,45.0,113.0,14.0,62.0,0.0,24.0,33.0,14.0,144.0,342.0,0.0,54.0,22.0,14.0,0.0,0.0,0.0,26.0,67.0,0.0,19.0,0.0,209.0,15.0,21.0,0.0,0.0,0.0,23.0,0.0,0.0,0.0,0.0,0.0,0.0,0.0,0.0,0.0,0.0,0.0,0.0,0.0,0.0,0.0,0.0,0.0,2181.0
201803,2018,3,6215.0,944.0,405.0,295.0,63.0,122.0,0.0,64.0,223.0,53.0,559.0,980.0,63.0,103.0,143.0,78.0,0.0,0.0,0.0,91.0,322.0,44.0,64.0,0.0,150.0,0.0,0.0,0.0,0.0,0.0,0.0,75.0,0.0,0.0,0.0,0.0,0.0,0.0,0.0,0.0,0.0,0.0,0.0,0.0,0.0,0.0,0.0,0.0,11056.0
201804,2018,4,7794.0,2510.0,975.0,1322.0,353.0,565.0,0.0,0.0,664.0,340.0,1971.0,2127.0,0.0,360.0,302.0,250.0,185.0,0.0,0.0,241.0,918.0,172.0,236.0,0.0,420.0,169.0,0.0,0.0,0.0,0.0,0.0,0.0,194.0,0.0,0.0,0.0,0.0,0.0,0.0,0.0,0.0,0.0,0.0,0.0,0.0,0.0,0.0,0.0,22068.0
201805,2018,5,11257.0,5124.0,2936.0,3220.0,0.0,1521.0,0.0,0.0,0.0,0.0,16607.0,0.0,0.0,0.0,0.0,0.0,0.0,0.0,0.0,0.0,0.0,0.0,0.0,0.0,0.0,0.0,0.0,0.0,0.0,0.0,0.0,0.0,0.0,0.0,0.0,0.0,0.0,0.0,0.0,0.0,0.0,0.0,0.0,0.0,0.0,0.0,0.0,0.0,40665.0
201806,2018,6,17420.0,3673.0,4089.0,3917.0,902.0,1524.0,0.0,310.0,1149.0,643.0,4205.0,1807.0,0.0,939.0,457.0,741.0,348.0,0.0,0.0,464.0,1157.0,0.0,522.0,0.0,814.0,0.0,0.0,0.0,0.0,0.0,0.0,299.0,305.0,0.0,0.0,0.0,0.0,0.0,0.0,0.0,0.0,0.0,0.0,0.0,0.0,0.0,0.0,0.0,45685.0
201807,2018,7,30187.0,2231.0,2516.0,3565.0,415.0,971.0,0.0,0.0,816.0,359.0,3245.0,1520.0,0.0,444.0,514.0,417.0,0.0,0.0,0.0,277.0,639.0,346.0,907.0,0.0,539.0,414.0,0.0,0.0,0.0,0.0,0.0,0.0,269.0,276.0,0.0,0.0,0.0,0.0,0.0,0.0,0.0,0.0,0.0,0.0,0.0,0.0,0.0,0.0,50867.0
201808,2018,8,36422.0,2319.0,1114.0,8417.0,237.0,1100.0,0.0,0.0,689.0,352.0,3260.0,2205.0,0.0,379.0,314.0,308.0,0.0,0.0,0.0,321.0,619.0,244.0,917.0,0.0,445.0,273.0,0.0,0.0,0.0,0.0,0.0,0.0,231.0,249.0,0.0,0.0,0.0,0.0,0.0,0.0,0.0,0.0,0.0,0.0,0.0,0.0,0.0,0.0,60415.0
201809,2018,9,18491.0,4162.0,2799.0,3498.0,966.0,1341.0,0.0,0.0,1466.0,476.0,4739.0,1607.0,0.0,962.0,662.0,960.0,0.0,0.0,0.0,496.0,1485.0,407.0,979.0,0.0,0.0,368.0,0.0,0.0,376.0,0.0,0.0,402.0,0.0,0.0,364.0,0.0,0.0,0.0,0.0,0.0,0.0,0.0,0.0,0.0,0.0,0.0,0.0,0.0,47006.0
201810,2018,10,11038.0,3498.0,3104.0,1836.0,1082.0,1185.0,0.0,0.0,1153.0,527.0,4025.0,1848.0,0.0,786.0,491.0,1170.0,0.0,0.0,0.0,343.0,848.0,457.0,439.0,0.0,888.0,0.0,0.0,0.0,287.0,0.0,0.0,320.0,277.0,0.0,0.0,0.0,0.0,0.0,0.0,0.0,0.0,0.0,0.0,0.0,0.0,0.0,0.0,0.0,35602.0
201811,2018,11,2698.0,531.0,466.0,546.0,190.0,288.0,0.0,77.0,141.0,82.0,791.0,347.0,0.0,215.0,105.0,127.0,0.0,0.0,0.0,65.0,113.0,0.0,63.0,0.0,524.0,82.0,0.0,0.0,0.0,0.0,0.0,71.0,129.0,0.0,0.0,0.0,0.0,0.0,0.0,0.0,0.0,0.0,0.0,0.0,0.0,0.0,0.0,0.0,7651.0
201812,2018,12,1145.0,110.0,87.0,163.0,40.0,63.0,21.0,23.0,46.0,29.0,218.0,120.0,0.0,50.0,84.0,24.0,0.0,0.0,0.0,0.0,23.0,0.0,0.0,0.0,202.0,27.0,30.0,0.0,21.0,0.0,0.0,27.0,0.0,0.0,0.0,0.0,0.0,0.0,0.0,0.0,0.0,0.0,0.0,0.0,0.0,0.0,0.0,0.0,2553.0
201901,2019,1,638.0,86.0,60.0,104.0,20.0,25.0,13.0,0.0,21.0,17.0,121.0,83.0,0.0,54.0,27.0,18.0,0.0,0.0,0.0,30.0,0.0,0.0,13.0,0.0,234.0,19.0,0.0,0.0,44.0,0.0,0.0,12.0,0.0,0.0,0.0,12.0,0.0,0.0,0.0,0.0,0.0,0.0,0.0,0.0,0.0,0.0,0.0,0.0,1651.0
201902,2019,2,913.0,134.0,64.0,90.0,16.0,37.0,13.0,0.0,33.0,22.0,150.0,125.0,0.0,35.0,18.0,17.0,0.0,0.0,0.0,31.0,33.0,0.0,20.0,0.0,304.0,23.0,16.0,0.0,0.0,0.0,0.0,0.0,0.0,0.0,0.0,25.0,0.0,0.0,0.0,0.0,0.0,0.0,0.0,0.0,0.0,0.0,0.0,0.0,2119.0
201903,2019,3,3113.0,961.0,367.0,301.0,53.0,100.0,0.0,59.0,266.0,87.0,499.0,774.0,0.0,148.0,104.0,65.0,0.0,0.0,0.0,41.0,153.0,0.0,56.0,0.0,146.0,75.0,0.0,0.0,49.0,0.0,0.0,57.0,0.0,0.0,0.0,0.0,0.0,0.0,0.0,0.0,0.0,0.0,0.0,0.0,0.0,0.0,0.0,0.0,7474.0
201904,2019,4,12976.0,2798.0,1171.0,1683.0,384.0,604.0,0.0,0.0,995.0,382.0,2633.0,3686.0,0.0,514.0,362.0,308.0,253.0,0.0,0.0,283.0,1307.0,281.0,214.0,0.0,441.0,0.0,0.0,0.0,247.0,0.0,0.0,0.0,200.0,0.0,0.0,0.0,0.0,0.0,0.0,0.0,0.0,0.0,0.0,0.0,0.0,0.0,0.0,0.0,31722.0
201905,2019,5,13130.0,4986.0,3500.0,3537.0,1026.0,1669.0,0.0,0.0,1938.0,953.0,5103.0,2120.0,0.0,1225.0,606.0,1016.0,433.0,0.0,0.0,570.0,1395.0,443.0,702.0,0.0,1294.0,451.0,0.0,0.0,576.0,0.0,0.0,0.0,0.0,0.0,0.0,0.0,0.0,0.0,0.0,0.0,0.0,0.0,0.0,0.0,0.0,0.0,0.0,0.0,46673.0
201906,2019,6,17857.0,4178.0,4240.0,3642.0,923.0,1488.0,0.0,0.0,1255.0,775.0,4789.0,2605.0,0.0,1152.0,589.0,821.0,338.0,0.0,0.0,551.0,965.0,0.0,643.0,0.0,1144.0,0.0,0.0,0.0,0.0,0.0,0.0,369.0,375.0,0.0,359.0,0.0,0.0,0.0,0.0,0.0,0.0,0.0,0.0,0.0,0.0,0.0,0.0,0.0,49058.0
201907,2019,7,31066.0,2391.0,2606.0,3642.0,471.0,1157.0,0.0,0.0,797.0,395.0,3735.0,1723.0,0.0,441.0,640.0,367.0,0.0,0.0,0.0,272.0,496.0,404.0,885.0,0.0,855.0,373.0,0.0,0.0,0.0,0.0,0.0,0.0,297.0,306.0,0.0,0.0,0.0,0.0,0.0,0.0,0.0,0.0,0.0,0.0,0.0,0.0,0.0,0.0,53319.0
201908,2019,8,36564.0,2383.0,1245.0,9189.0,255.0,1280.0,0.0,0.0,781.0,308.0,3609.0,2596.0,0.0,370.0,343.0,310.0,0.0,0.0,0.0,303.0,416.0,260.0,861.0,0.0,798.0,350.0,0.0,0.0,297.0,0.0,0.0,0.0,296.0,0.0,0.0,0.0,0.0,0.0,0.0,0.0,0.0,0.0,0.0,0.0,0.0,0.0,0.0,0.0,62814.0
201909,2019,9,16429.0,4042.0,3306.0,3662.0,998.0,1171.0,0.0,0.0,1610.0,532.0,4941.0,1528.0,0.0,927.0,666.0,1008.0,0.0,0.0,0.0,438.0,1217.0,440.0,872.0,0.0,592.0,0.0,0.0,0.0,0.0,0.0,0.0,428.0,423.0,0.0,423.0,0.0,0.0,0.0,0.0,0.0,0.0,0.0,0.0,0.0,0.0,0.0,0.0,0.0,45653.0
201910,2019,10,9718.0,3589.0,3512.0,2198.0,928.0,1286.0,0.0,0.0,1247.0,610.0,4482.0,1565.0,0.0,864.0,630.0,1174.0,0.0,0.0,0.0,291.0,757.0,350.0,523.0,0.0,1298.0,0.0,0.0,0.0,429.0,0.0,0.0,344.0,323.0,0.0,0.0,0.0,0.0,0.0,0.0,0.0,0.0,0.0,0.0,0.0,0.0,0.0,0.0,0.0,36118.0
201911,2019,11,2804.0,526.0,490.0,511.0,174.0,344.0,0.0,85.0,158.0,80.0,867.0,473.0,0.0,238.0,80.0,155.0,0.0,0.0,0.0,127.0,68.0,0.0,65.0,0.0,820.0,61.0,0.0,0.0,71.0,0.0,0.0,77.0,0.0,0.0,0.0,0.0,0.0,0.0,0.0,0.0,0.0,0.0,0.0,0.0,0.0,0.0,0.0,0.0,8274.0
201912,2019,12,1148.0,93.0,91.0,190.0,53.0,87.0,0.0,25.0,31.0,34.0,219.0,172.0,0.0,57.0,27.0,20.0,0.0,0.0,0.0,0.0,0.0,0.0,20.0,0.0,298.0,29.0,0.0,0.0,32.0,0.0,0.0,32.0,0.0,0.0,0.0,26.0,26.0,0.0,0.0,0.0,0.0,0.0,0.0,0.0,0.0,0.0,0.0,0.0,2710.0
202001,2020,1,658.0,99.0,72.0,174.0,34.0,41.0,0.0,21.0,28.0,12.0,167.0,80.0,0.0,60.0,28.0,15.0,0.0,0.0,0.0,32.0,14.0,0.0,0.0,0.0,364.0,28.0,24.0,0.0,29.0,0.0,0.0,0.0,0.0,0.0,0.0,21.0,0.0,0.0,0.0,0.0,0.0,0.0,0.0,0.0,0.0,0.0,0.0,0.0,2001.0
202002,2020,2,1142.0,183.0,70.0,164.0,16.0,37.0,17.0,0.0,38.0,24.0,184.0,466.0,0.0,49.0,45.0,36.0,0.0,0.0,0.0,40.0,68.0,0.0,23.0,0.0,394.0,42.0,15.0,0.0,23.0,0.0,0.0,0.0,0.0,0.0,0.0,0.0,0.0,0.0,0.0,0.0,0.0,0.0,0.0,0.0,0.0,0.0,0.0,0.0,3076.0
202003,2020,3,897.0,220.0,85.0,63.0,0.0,32.0,0.0,13.0,31.0,13.0,155.0,115.0,0.0,30.0,27.0,13.0,0.0,0.0,0.0,18.0,50.0,16.0,27.0,0.0,93.0,20.0,0.0,0.0,17.0,0.0,0.0,13.0,0.0,0.0,0.0,0.0,0.0,0.0,0.0,0.0,0.0,0.0,0.0,0.0,0.0,0.0,0.0,0.0,1948.0
202006,2020,6,11.0,0.0,0.0,0.0,0.0,0.0,0.0,0.0,0.0,0.0,0.0,0.0,0.0,0.0,0.0,0.0,0.0,0.0,0.0,0.0,0.0,0.0,0.0,0.0,0.0,0.0,0.0,0.0,0.0,0.0,0.0,0.0,0.0,0.0,0.0,0.0,0.0,1.0,0.0,0.0,0.0,0.0,0.0,0.0,0.0,0.0,0.0,0.0,12.0
202007,2020,7,7859.0,336.0,43.0,321.0,0.0,161.0,27.0,0.0,63.0,42.0,228.0,303.0,0.0,24.0,0.0,0.0,0.0,0.0,30.0,34.0,0.0,25.0,76.0,0.0,0.0,25.0,0.0,0.0,26.0,18.0,0.0,33.0,48.0,0.0,0.0,0.0,0.0,30.0,0.0,0.0,0.0,0.0,0.0,0.0,0.0,0.0,0.0,0.0,9752.0
202008,2020,8,15168.0,642.0,84.0,1203.0,0.0,428.0,34.0,0.0,134.0,82.0,524.0,732.0,0.0,65.0,41.0,0.0,0.0,0.0,80.0,80.0,44.0,0.0,146.0,40.0,0.0,45.0,0.0,0.0,0.0,0.0,0.0,82.0,87.0,0.0,0.0,0.0,0.0,71.0,0.0,0.0,0.0,0.0,0.0,0.0,0.0,0.0,0.0,0.0,19812.0
202009,2020,9,7275.0,479.0,41.0,411.0,0.0,336.0,36.0,0.0,136.0,97.0,381.0,662.0,0.0,69.0,0.0,0.0,0.0,0.0,49.0,74.0,29.0,0.0,120.0,0.0,0.0,68.0,0.0,0.0,30.0,0.0,0.0,29.0,39.0,0.0,0.0,0.0,0.0,50.0,30.0,0.0,0.0,0.0,0.0,0.0,0.0,0.0,0.0,0.0,10441.0
202010,2020,10,3825.0,330.0,51.0,311.0,0.0,386.0,35.0,0.0,116.0,91.0,257.0,590.0,0.0,39.0,0.0,37.0,24.0,0.0,25.0,42.0,26.0,0.0,100.0,0.0,0.0,38.0,0.0,0.0,0.0,0.0,0.0,24.0,45.0,0.0,0.0,0.0,0.0,26.0,0.0,0.0,0.0,0.0,0.0,0.0,0.0,0.0,0.0,0.0,6418.0
202011,2020,11,181.0,49.0,0.0,58.0,5.0,95.0,10.0,0.0,25.0,13.0,52.0,18.0,0.0,10.0,4.0,6.0,7.0,0.0,0.0,5.0,8.0,0.0,0.0,0.0,5.0,13.0,0.0,0.0,0.0,0.0,0.0,0.0,10.0,0.0,0.0,0.0,0.0,0.0,7.0,4.0,0.0,0.0,0.0,0.0,0.0,0.0,0.0,0.0,585.0
202012,2020,12,45.0,6.0,1.0,1.0,1.0,10.0,1.0,0.0,2.0,3.0,0.0,5.0,0.0,1.0,0.0,0.0,0.0,0.0,0.0,1.0,0.0,0.0,1.0,0.0,8.0,2.0,0.0,2.0,0.0,0.0,0.0,1.0,5.0,0.0,0.0,0.0,0.0,0.0,2.0,0.0,1.0,0.0,0.0,0.0,0.0,0.0,0.0,0.0,99.0
202101,2021,1,27.0,9.0,2.0,0.0,0.0,2.0,0.0,0.0,0.0,2.0,0.0,9.0,1.0,1.0,0.0,0.0,0.0,0.0,0.0,2.0,1.0,0.0,0.0,0.0,1.0,0.0,0.0,0.0,0.0,0.0,0.0,0.0,0.0,0.0,0.0,0.0,0.0,1.0,0.0,0.0,0.0,1.0,1.0,0.0,0.0,0.0,0.0,0.0,60.0
202102,2021,2,4.0,0.0,0.0,1.0,0.0,4.0,1.0,0.0,0.0,0.0,0.0,0.0,0.0,0.0,0.0,0.0,0.0,0.0,0.0,0.0,0.0,0.0,0.0,0.0,0.0,3.0,0.0,0.0,0.0,0.0,0.0,1.0,0.0,0.0,0.0,0.0,0.0,0.0,0.0,0.0,0.0,0.0,0.0,0.0,0.0,0.0,0.0,0.0,14.0
202103,2021,3,155.0,5.0,1.0,4.0,0.0,3.0,1.0,1.0,1.0,0.0,0.0,0.0,0.0,0.0,4.0,0.0,1.0,0.0,3.0,4.0,0.0,0.0,3.0,0.0,0.0,0.0,0.0,0.0,0.0,0.0,0.0,2.0,0.0,0.0,0.0,0.0,0.0,0.0,0.0,0.0,0.0,0.0,0.0,2.0,2.0,1.0,1.0,0.0,194.0
202104,2021,4,808.0,42.0,25.0,18.0,0.0,17.0,7.0,0.0,3.0,6.0,22.0,23.0,0.0,5.0,0.0,0.0,3.0,0.0,8.0,7.0,4.0,0.0,3.0,0.0,0.0,0.0,5.0,0.0,0.0,4.0,0.0,6.0,5.0,0.0,0.0,0.0,0.0,3.0,0.0,0.0,0.0,0.0,0.0,0.0,0.0,0.0,0.0,0.0,1024.0
202105,2021,5,3024.0,130.0,19.0,102.0,0.0,79.0,28.0,0.0,19.0,26.0,167.0,474.0,0.0,22.0,27.0,0.0,28.0,0.0,0.0,18.0,0.0,15.0,20.0,0.0,0.0,19.0,0.0,0.0,0.0,0.0,0.0,0.0,21.0,0.0,0.0,0.0,0.0,20.0,22.0,0.0,0.0,0.0,15.0,0.0,0.0,0.0,0.0,0.0,4295.0
202106,2021,6,10382.0,424.0,162.0,440.0,0.0,362.0,72.0,0.0,72.0,125.0,428.0,1717.0,0.0,57.0,55.0,0.0,35.0,0.0,49.0,64.0,0.0,34.0,115.0,0.0,0.0,70.0,0.0,0.0,0.0,0.0,0.0,55.0,53.0,0.0,0.0,0.0,0.0,53.0,0.0,0.0,0.0,0.0,0.0,0.0,0.0,0.0,0.0,0.0,14824.0
202107,2021,7,25750.0,830.0,748.0,1234.0,0.0,862.0,113.0,0.0,119.0,194.0,1159.0,1131.0,0.0,0.0,233.0,0.0,0.0,0.0,100.0,129.0,0.0,125.0,355.0,0.0,0.0,277.0,0.0,0.0,0.0,0.0,0.0,125.0,195.0,91.0,0.0,0.0,0.0,95.0,0.0,0.0,0.0,0.0,0.0,0.0,0.0,0.0,0.0,98.0,33963.0
202108,2021,8,34381.0,878.0,543.0,2404.0,0.0,707.0,0.0,0.0,166.0,191.0,1234.0,1297.0,0.0,0.0,203.0,0.0,0.0,0.0,118.0,135.0,118.0,100.0,406.0,92.0,0.0,161.0,87.0,0.0,0.0,0.0,0.0,109.0,141.0,0.0,0.0,0.0,0.0,104.0,0.0,0.0,0.0,0.0,0.0,0.0,0.0,0.0,0.0,0.0,43575.0
202109,2021,9,23830.0,1823.0,1741.0,1692.0,0.0,996.0,162.0,0.0,426.0,555.0,1786.0,1551.0,0.0,137.0,379.0,126.0,181.0,0.0,142.0,0.0,277.0,239.0,566.0,0.0,0.0,302.0,0.0,0.0,0.0,0.0,0.0,243.0,309.0,0.0,0.0,0.0,0.0,0.0,0.0,0.0,0.0,0.0,0.0,0.0,0.0,0.0,0.0,0.0,37463.0
202110,2021,10,16586.0,1901.0,1952.0,1303.0,0.0,980.0,189.0,0.0,509.0,579.0,1735.0,2406.0,0.0,368.0,461.0,277.0,177.0,0.0,0.0,151.0,326.0,252.0,317.0,0.0,0.0,177.0,0.0,0.0,0.0,0.0,0.0,301.0,223.0,0.0,0.0,0.0,0.0,0.0,0.0,0.0,0.0,0.0,0.0,0.0,0.0,0.0,0.0,0.0,31170.0
202111,2021,11,5020.0,428.0,409.0,481.0,0.0,351.0,63.0,0.0,113.0,107.0,590.0,620.0,0.0,176.0,135.0,89.0,0.0,0.0,47.0,52.0,0.0,55.0,51.0,0.0,119.0,67.0,0.0,0.0,0.0,0.0,0.0,64.0,57.0,0.0,0.0,0.0,0.0,0.0,0.0,0.0,0.0,0.0,0.0,0.0,0.0,0.0,0.0,0.0,9094.0
202112,2021,12,809.0,32.0,24.0,46.0,4.0,52.0,6.0,0.0,13.0,9.0,48.0,70.0,0.0,14.0,9.0,5.0,0.0,0.0,0.0,0.0,5.0,0.0,0.0,5.0,10.0,5.0,5.0,0.0,0.0,0.0,0.0,10.0,12.0,0.0,0.0,0.0,0.0,0.0,0.0,0.0,0.0,0.0,0.0,0.0,0.0,0.0,0.0,0.0,1193.0
202201,2022,1,993.0,30.0,78.0,104.0,0.0,22.0,0.0,0.0,19.0,24.0,96.0,63.0,0.0,21.0,14.0,0.0,0.0,0.0,9.0,25.0,0.0,0.0,0.0,0.0,40.0,11.0,0.0,10.0,14.0,9.0,10.0,16.0,9.0,0.0,0.0,0.0,0.0,0.0,0.0,0.0,0.0,0.0,0.0,0.0,0.0,0.0,0.0,0.0,1617.0
202202,2022,2,1164.0,103.0,44.0,70.0,0.0,46.0,10.0,0.0,35.0,20.0,114.0,176.0,0.0,40.0,24.0,0.0,0.0,0.0,0.0,26.0,13.0,0.0,13.0,0.0,48.0,16.0,0.0,0.0,0.0,0.0,22.0,22.0,10.0,0.0,0.0,0.0,0.0,0.0,0.0,0.0,0.0,0.0,0.0,0.0,0.0,18.0,0.0,0.0,2034.0
202203,2022,3,3843.0,651.0,324.0,235.0,0.0,137.0,0.0,0.0,124.0,95.0,411.0,704.0,0.0,98.0,221.0,66.0,32.0,0.0,0.0,62.0,108.0,30.0,45.0,0.0,48.0,57.0,0.0,0.0,0.0,0.0,0.0,55.0,43.0,0.0,0.0,0.0,0.0,0.0,0.0,0.0,0.0,0.0,0.0,0.0,0.0,0.0,0.0,0.0,7389.0
202204,2022,4,18427.0,2213.0,1604.0,1184.0,0.0,586.0,0.0,0.0,708.0,407.0,2195.0,3206.0,0.0,451.0,456.0,213.0,190.0,0.0,0.0,232.0,799.0,235.0,162.0,0.0,170.0,241.0,0.0,0.0,0.0,0.0,0.0,410.0,194.0,0.0,0.0,0.0,0.0,0.0,0.0,0.0,0.0,0.0,0.0,0.0,0.0,0.0,0.0,0.0,34283.0
202205,2022,5,18258.0,4457.0,3882.0,3042.0,0.0,1589.0,0.0,0.0,1634.0,1131.0,4153.0,2035.0,0.0,1204.0,838.0,643.0,472.0,0.0,0.0,570.0,1232.0,369.0,558.0,0.0,641.0,486.0,0.0,0.0,0.0,0.0,0.0,640.0,420.0,0.0,0.0,0.0,0.0,0.0,0.0,0.0,0.0,0.0,0.0,0.0,0.0,0.0,0.0,0.0,48254.0
202206,2022,6,27075.0,3911.0,4908.0,3548.0,432.0,1812.0,0.0,0.0,1266.0,1008.0,3907.0,3794.0,0.0,849.0,722.0,625.0,0.0,0.0,0.0,506.0,1118.0,352.0,519.0,0.0,470.0,409.0,0.0,0.0,0.0,0.0,0.0,401.0,380.0,0.0,0.0,0.0,0.0,0.0,0.0,0.0,0.0,0.0,0.0,0.0,0.0,0.0,0.0,0.0,58012.0
202207,2022,7,45379.0,2059.0,3547.0,3417.0,0.0,1303.0,0.0,0.0,711.0,407.0,3255.0,1742.0,0.0,448.0,867.0,343.0,0.0,0.0,0.0,307.0,528.0,389.0,628.0,0.0,395.0,670.0,0.0,0.0,0.0,0.0,0.0,360.0,381.0,238.0,0.0,0.0,0.0,0.0,0.0,0.0,0.0,0.0,0.0,0.0,0.0,0.0,0.0,0.0,67374.0
202208,2022,8,61542.0,2103.0,1374.0,8314.0,0.0,1344.0,0.0,0.0,590.0,414.0,3187.0,2638.0,0.0,327.0,389.0,250.0,0.0,0.0,0.0,353.0,459.0,274.0,712.0,208.0,380.0,421.0,0.0,0.0,0.0,0.0,0.0,301.0,262.0,0.0,0.0,0.0,0.0,0.0,0.0,0.0,0.0,0.0,0.0,0.0,0.0,0.0,0.0,0.0,85842.0
202209,2022,9,33287.0,4017.0,4473.0,3898.0,554.0,1506.0,0.0,0.0,1684.0,702.0,5144.0,2154.0,0.0,812.0,1113.0,1033.0,0.0,0.0,0.0,648.0,1255.0,678.0,887.0,0.0,0.0,621.0,0.0,0.0,0.0,0.0,0.0,763.0,537.0,0.0,0.0,0.0,0.0,0.0,0.0,430.0,0.0,0.0,0.0,0.0,0.0,0.0,0.0,0.0,66196.0
202210,2022,10,20979.0,3013.0,4992.0,2512.0,585.0,1515.0,0.0,0.0,1247.0,762.0,5059.0,2919.0,0.0,966.0,913.0,1165.0,0.0,0.0,0.0,428.0,1011.0,432.0,632.0,0.0,977.0,423.0,0.0,0.0,0.0,0.0,0.0,525.0,0.0,0.0,0.0,0.0,0.0,0.0,0.0,301.0,0.0,0.0,0.0,0.0,0.0,0.0,0.0,0.0,51356.0
