ID,Anho,Mes,Estudiantes,Obreros,Liberales,Empleados,Profesores,Jubilados,Tecnicos,Funcionarios,Parados,Amas de Casa,Resto,Sacerdotes,Artistas,Directivos,Agricultores,Religiosas/os,Marinos,Deportistas,Sin establecer,Total
200401,2004,1,144.0,94.0,87.0,64.0,54.0,50.0,47.0,34.0,23.0,22.0,24.0,0.0,0.0,0.0,0.0,0.0,0.0,0.0,0.0,643.0
200402,2004,2,486.0,143.0,185.0,113.0,82.0,45.0,133.0,91.0,29.0,45.0,49.0,0.0,0.0,0.0,0.0,0.0,0.0,0.0,0.0,1401.0
200403,2004,3,822.0,376.0,349.0,358.0,132.0,157.0,283.0,251.0,81.0,210.0,86.0,0.0,0.0,0.0,0.0,0.0,0.0,0.0,0.0,3105.0
200404,2004,4,4552.0,1442.0,1968.0,2097.0,1050.0,829.0,1386.0,813.0,240.0,833.0,344.0,0.0,0.0,0.0,0.0,0.0,0.0,0.0,0.0,15554.0
200405,2004,5,1196.0,1047.0,2512.0,3626.0,598.0,2640.0,1940.0,1220.0,255.0,1334.0,492.0,0.0,0.0,0.0,0.0,0.0,0.0,0.0,0.0,16860.0
200406,2004,6,2163.0,1371.0,2700.0,3738.0,857.0,2486.0,2320.0,1467.0,329.0,1276.0,588.0,0.0,0.0,0.0,0.0,0.0,0.0,0.0,0.0,19295.0
200407,2004,7,12030.0,1391.0,2985.0,3855.0,3119.0,1546.0,2668.0,1729.0,274.0,1443.0,851.0,0.0,0.0,0.0,0.0,0.0,0.0,0.0,0.0,31891.0
200408,2004,8,15568.0,3219.0,5320.0,7109.0,3909.0,963.0,4154.0,1581.0,0.0,1754.0,1451.0,573.0,0.0,0.0,0.0,0.0,0.0,0.0,0.0,45601.0
200409,2004,9,4841.0,1289.0,2965.0,4270.0,934.0,2053.0,2714.0,1410.0,270.0,1241.0,765.0,0.0,0.0,0.0,0.0,0.0,0.0,0.0,0.0,22752.0
200410,2004,10,2372.0,782.0,2325.0,2491.0,615.0,1530.0,1857.0,957.0,242.0,922.0,463.0,0.0,0.0,0.0,0.0,0.0,0.0,0.0,0.0,14556.0
200411,2004,11,386.0,410.0,724.0,916.0,222.0,322.0,491.0,271.0,108.0,374.0,186.0,0.0,0.0,0.0,0.0,0.0,0.0,0.0,0.0,4410.0
200412,2004,12,557.0,457.0,532.0,655.0,227.0,179.0,477.0,221.0,69.0,306.0,122.0,0.0,0.0,0.0,0.0,0.0,0.0,0.0,0.0,3802.0
200501,2005,1,49.0,28.0,43.0,38.0,17.0,14.0,30.0,13.0,11.0,0.0,16.0,0.0,10.0,0.0,0.0,0.0,0.0,0.0,0.0,269.0
200502,2005,2,157.0,18.0,58.0,142.0,33.0,16.0,40.0,17.0,16.0,46.0,22.0,0.0,0.0,0.0,0.0,0.0,0.0,0.0,0.0,565.0
200503,2005,3,1300.0,173.0,323.0,351.0,266.0,71.0,320.0,121.0,36.0,78.0,82.0,0.0,0.0,0.0,0.0,0.0,0.0,0.0,0.0,3121.0
200504,2005,4,734.0,151.0,405.0,505.0,231.0,437.0,379.0,163.0,61.0,111.0,130.0,0.0,0.0,0.0,0.0,0.0,0.0,0.0,0.0,3307.0
200505,2005,5,611.0,405.0,1207.0,1734.0,383.0,2130.0,1403.0,534.0,0.0,392.0,352.0,0.0,0.0,159.0,0.0,0.0,0.0,0.0,0.0,9310.0
200506,2005,6,1151.0,589.0,1516.0,2198.0,515.0,2911.0,1729.0,759.0,223.0,565.0,463.0,0.0,0.0,0.0,0.0,0.0,0.0,0.0,0.0,12619.0
200507,2005,7,6462.0,789.0,1681.0,2262.0,2416.0,1190.0,1781.0,911.0,238.0,541.0,533.0,0.0,0.0,0.0,0.0,0.0,0.0,0.0,0.0,18804.0
200508,2005,8,5198.0,1763.0,3194.0,5113.0,3002.0,691.0,3229.0,1118.0,292.0,597.0,634.0,0.0,0.0,0.0,0.0,0.0,0.0,0.0,0.0,24831.0
200509,2005,9,2172.0,510.0,1484.0,2404.0,578.0,1459.0,1614.0,868.0,212.0,381.0,486.0,0.0,0.0,0.0,0.0,0.0,0.0,0.0,0.0,12168.0
200510,2005,10,786.0,208.0,901.0,1390.0,352.0,1288.0,797.0,423.0,148.0,220.0,360.0,0.0,0.0,0.0,0.0,0.0,0.0,0.0,0.0,6873.0
200511,2005,11,98.0,90.0,218.0,331.0,59.0,158.0,176.0,64.0,75.0,46.0,73.0,0.0,0.0,0.0,0.0,0.0,0.0,0.0,0.0,1388.0
200512,2005,12,109.0,69.0,123.0,96.0,32.0,26.0,88.0,41.0,40.0,0.0,28.0,0.0,16.0,0.0,0.0,0.0,0.0,0.0,0.0,668.0
200601,2006,1,31.0,22.0,62.0,47.0,31.0,24.0,43.0,23.0,11.0,0.0,16.0,0.0,14.0,0.0,0.0,0.0,0.0,0.0,0.0,324.0
200602,2006,2,121.0,19.0,56.0,42.0,15.0,20.0,29.0,8.0,17.0,0.0,16.0,0.0,0.0,0.0,8.0,0.0,0.0,0.0,0.0,351.0
200603,2006,3,380.0,33.0,147.0,161.0,90.0,93.0,70.0,30.0,28.0,21.0,43.0,0.0,0.0,0.0,0.0,0.0,0.0,0.0,0.0,1096.0
200604,2006,4,2442.0,265.0,867.0,1050.0,614.0,538.0,862.0,304.0,0.0,171.0,243.0,0.0,0.0,95.0,0.0,0.0,0.0,0.0,0.0,7451.0
200605,2006,5,639.0,414.0,1440.0,1854.0,401.0,2577.0,1289.0,545.0,250.0,358.0,380.0,0.0,0.0,0.0,0.0,0.0,0.0,0.0,0.0,10147.0
200606,2006,6,1053.0,563.0,1791.0,2302.0,600.0,2998.0,1707.0,851.0,276.0,429.0,441.0,0.0,0.0,0.0,0.0,0.0,0.0,0.0,0.0,13011.0
200607,2006,7,6768.0,733.0,1675.0,2229.0,2429.0,1125.0,1785.0,818.0,197.0,452.0,509.0,0.0,0.0,0.0,0.0,0.0,0.0,0.0,0.0,18720.0
200608,2006,8,6222.0,1790.0,3849.0,4599.0,3091.0,801.0,3215.0,925.0,274.0,602.0,815.0,0.0,0.0,0.0,0.0,0.0,0.0,0.0,0.0,26183.0
200609,2006,9,2189.0,703.0,1937.0,2368.0,601.0,2040.0,1838.0,705.0,228.0,411.0,450.0,0.0,0.0,0.0,0.0,0.0,0.0,0.0,0.0,13470.0
200610,2006,10,839.0,388.0,1145.0,1366.0,346.0,1484.0,965.0,356.0,222.0,255.0,334.0,0.0,0.0,0.0,0.0,0.0,0.0,0.0,0.0,7700.0
200611,2006,11,178.0,170.0,278.0,327.0,80.0,221.0,200.0,73.0,81.0,62.0,85.0,0.0,0.0,0.0,0.0,0.0,0.0,0.0,0.0,1755.0
200612,2006,12,109.0,86.0,125.0,165.0,51.0,37.0,126.0,49.0,33.0,24.0,43.0,0.0,0.0,0.0,0.0,0.0,0.0,0.0,0.0,848.0
200701,2007,1,45.0,30.0,58.0,51.0,33.0,17.0,52.0,18.0,22.0,0.0,15.0,0.0,9.0,0.0,0.0,0.0,0.0,0.0,0.0,350.0
200702,2007,2,271.0,54.0,66.0,70.0,57.0,23.0,51.0,20.0,12.0,15.0,26.0,0.0,0.0,0.0,0.0,0.0,0.0,0.0,0.0,665.0
200703,2007,3,669.0,119.0,143.0,204.0,94.0,122.0,123.0,76.0,39.0,34.0,57.0,0.0,0.0,0.0,0.0,0.0,0.0,0.0,0.0,1680.0
200704,2007,4,1757.0,539.0,993.0,1243.0,723.0,876.0,1026.0,363.0,122.0,228.0,245.0,0.0,0.0,0.0,0.0,0.0,0.0,0.0,0.0,8115.0
200705,2007,5,779.0,874.0,1669.0,2311.0,455.0,3077.0,1827.0,736.0,211.0,552.0,433.0,0.0,0.0,0.0,0.0,0.0,0.0,0.0,0.0,12924.0
200706,2007,6,1410.0,783.0,1870.0,2874.0,728.0,3382.0,2050.0,792.0,266.0,558.0,469.0,0.0,0.0,0.0,0.0,0.0,0.0,0.0,0.0,15182.0
200707,2007,7,7006.0,875.0,1740.0,2559.0,2596.0,1265.0,1918.0,881.0,0.0,469.0,614.0,233.0,0.0,0.0,0.0,0.0,0.0,0.0,0.0,20156.0
200708,2007,8,6105.0,2410.0,3499.0,4850.0,3404.0,882.0,3468.0,966.0,258.0,597.0,850.0,0.0,0.0,0.0,0.0,0.0,0.0,0.0,0.0,27289.0
200709,2007,9,2235.0,1035.0,1845.0,2819.0,622.0,2245.0,2289.0,976.0,221.0,504.0,491.0,0.0,0.0,0.0,0.0,0.0,0.0,0.0,0.0,15282.0
200710,2007,10,1058.0,575.0,1174.0,1672.0,484.0,1735.0,1433.0,490.0,204.0,254.0,364.0,0.0,0.0,0.0,0.0,0.0,0.0,0.0,0.0,9443.0
200711,2007,11,410.0,247.0,328.0,336.0,153.0,268.0,339.0,131.0,90.0,85.0,109.0,0.0,0.0,0.0,0.0,0.0,0.0,0.0,0.0,2496.0
200712,2007,12,128.0,95.0,111.0,140.0,57.0,28.0,103.0,43.0,35.0,21.0,34.0,0.0,0.0,0.0,0.0,0.0,0.0,0.0,0.0,795.0
200801,2008,1,62.0,24.0,43.0,38.0,28.0,16.0,32.0,27.0,17.0,0.0,13.0,0.0,6.0,0.0,0.0,0.0,0.0,0.0,0.0,306.0
200802,2008,2,267.0,65.0,82.0,79.0,56.0,29.0,51.0,36.0,12.0,9.0,17.0,0.0,0.0,0.0,0.0,0.0,0.0,0.0,0.0,703.0
200803,2008,3,1606.0,449.0,534.0,909.0,483.0,206.0,643.0,164.0,82.0,147.0,104.0,0.0,0.0,0.0,0.0,0.0,0.0,0.0,0.0,5327.0
200804,2008,4,990.0,376.0,706.0,991.0,320.0,982.0,629.0,224.0,102.0,166.0,162.0,0.0,0.0,0.0,0.0,0.0,0.0,0.0,0.0,5648.0
200805,2008,5,934.0,1024.0,2369.0,3140.0,698.0,3355.0,2299.0,811.0,266.0,565.0,540.0,0.0,0.0,0.0,0.0,0.0,0.0,0.0,0.0,16001.0
200806,2008,6,1388.0,1036.0,2139.0,2900.0,694.0,3517.0,1883.0,972.0,298.0,620.0,457.0,0.0,0.0,0.0,0.0,0.0,0.0,0.0,0.0,15904.0
200807,2008,7,6778.0,876.0,2103.0,2643.0,2857.0,1318.0,2102.0,1014.0,268.0,524.0,583.0,0.0,0.0,0.0,0.0,0.0,0.0,0.0,0.0,21066.0
200808,2008,8,6877.0,2549.0,3880.0,5446.0,3500.0,940.0,3853.0,1058.0,414.0,628.0,851.0,0.0,0.0,0.0,0.0,0.0,0.0,0.0,0.0,29996.0
200809,2008,9,2522.0,1021.0,2408.0,3476.0,684.0,2451.0,2457.0,1055.0,314.0,496.0,494.0,0.0,0.0,0.0,0.0,0.0,0.0,0.0,0.0,17378.0
200810,2008,10,942.0,470.0,1493.0,1911.0,490.0,1788.0,1378.0,523.0,250.0,290.0,343.0,0.0,0.0,0.0,0.0,0.0,0.0,0.0,0.0,9878.0
200811,2008,11,286.0,215.0,344.0,405.0,107.0,266.0,297.0,114.0,114.0,50.0,111.0,0.0,0.0,0.0,0.0,0.0,0.0,0.0,0.0,2309.0
200812,2008,12,215.0,124.0,119.0,211.0,37.0,68.0,111.0,52.0,50.0,55.0,43.0,0.0,0.0,0.0,0.0,0.0,0.0,0.0,0.0,1085.0
200901,2009,1,108.0,50.0,64.0,106.0,43.0,20.0,49.0,15.0,25.0,14.0,29.0,0.0,0.0,0.0,0.0,0.0,0.0,0.0,0.0,523.0
200902,2009,2,230.0,60.0,65.0,122.0,39.0,32.0,65.0,31.0,22.0,0.0,22.0,0.0,0.0,10.0,0.0,0.0,0.0,0.0,0.0,698.0
200903,2009,3,411.0,143.0,194.0,424.0,84.0,148.0,197.0,82.0,57.0,39.0,71.0,0.0,0.0,0.0,0.0,0.0,0.0,0.0,0.0,1850.0
200904,2009,4,2644.0,558.0,1036.0,1984.0,884.0,861.0,1191.0,416.0,214.0,237.0,291.0,0.0,0.0,0.0,0.0,0.0,0.0,0.0,0.0,10316.0
200905,2009,5,1047.0,881.0,1877.0,4138.0,607.0,3538.0,2032.0,866.0,543.0,518.0,451.0,0.0,0.0,0.0,0.0,0.0,0.0,0.0,0.0,16498.0
200906,2009,6,1954.0,1045.0,2507.0,4189.0,788.0,3678.0,2419.0,1117.0,493.0,606.0,558.0,0.0,0.0,0.0,0.0,0.0,0.0,0.0,0.0,19354.0
200907,2009,7,8663.0,1074.0,2527.0,4053.0,3329.0,1545.0,2677.0,1197.0,452.0,535.0,700.0,0.0,0.0,0.0,0.0,0.0,0.0,0.0,0.0,26752.0
200908,2009,8,7795.0,2365.0,4112.0,7934.0,4037.0,1034.0,4636.0,1285.0,604.0,723.0,1021.0,0.0,0.0,0.0,0.0,0.0,0.0,0.0,0.0,35546.0
200909,2009,9,3003.0,797.0,2290.0,5385.0,761.0,2853.0,2774.0,1206.0,438.0,542.0,574.0,0.0,0.0,0.0,0.0,0.0,0.0,0.0,0.0,20623.0
200910,2009,10,987.0,469.0,1452.0,2911.0,502.0,2161.0,1509.0,667.0,369.0,312.0,392.0,0.0,0.0,0.0,0.0,0.0,0.0,0.0,0.0,11731.0
200911,2009,11,219.0,189.0,326.0,473.0,109.0,282.0,321.0,144.0,139.0,45.0,106.0,0.0,0.0,0.0,0.0,0.0,0.0,0.0,0.0,2353.0
200912,2009,12,108.0,88.0,113.0,239.0,49.0,66.0,134.0,88.0,58.0,19.0,48.0,0.0,0.0,0.0,0.0,0.0,0.0,0.0,0.0,1010.0
201001,2010,1,285.0,67.0,135.0,231.0,108.0,58.0,113.0,77.0,41.0,41.0,32.0,0.0,0.0,0.0,0.0,0.0,0.0,0.0,0.0,1188.0
201002,2010,2,452.0,108.0,177.0,341.0,102.0,78.0,144.0,68.0,86.0,27.0,57.0,0.0,0.0,0.0,0.0,0.0,0.0,0.0,0.0,1640.0
201003,2010,3,1596.0,358.0,567.0,1306.0,328.0,366.0,547.0,317.0,177.0,184.0,137.0,0.0,0.0,0.0,0.0,0.0,0.0,0.0,0.0,5883.0
201004,2010,4,3266.0,1373.0,1886.0,4802.0,1312.0,1707.0,2369.0,1117.0,515.0,784.0,456.0,0.0,0.0,0.0,0.0,0.0,0.0,0.0,0.0,19587.0
201005,2010,5,1693.0,1560.0,3177.0,7633.0,908.0,4892.0,3637.0,2156.0,795.0,1605.0,790.0,0.0,0.0,0.0,0.0,0.0,0.0,0.0,0.0,28846.0
201006,2010,6,3265.0,1670.0,3599.0,8675.0,1309.0,5203.0,4214.0,2457.0,893.0,1548.0,923.0,0.0,0.0,0.0,0.0,0.0,0.0,0.0,0.0,33756.0
201007,2010,7,12830.0,1662.0,3503.0,7823.0,4356.0,2606.0,4329.0,2085.0,764.0,1401.0,1107.0,0.0,0.0,0.0,0.0,0.0,0.0,0.0,0.0,42466.0
201008,2010,8,17662.0,3237.0,6158.0,13032.0,5551.0,1849.0,7004.0,2442.0,1052.0,1682.0,1865.0,0.0,0.0,0.0,0.0,0.0,0.0,0.0,0.0,61534.0
201009,2010,9,5090.0,1886.0,4612.0,8850.0,1207.0,4304.0,5270.0,2275.0,792.0,1542.0,1020.0,0.0,0.0,0.0,0.0,0.0,0.0,0.0,0.0,36848.0
201010,2010,10,2555.0,1607.0,3728.0,6093.0,989.0,3273.0,3681.0,1787.0,713.0,1388.0,784.0,0.0,0.0,0.0,0.0,0.0,0.0,0.0,0.0,26598.0
201011,2010,11,705.0,565.0,1270.0,2052.0,295.0,744.0,845.0,566.0,245.0,514.0,274.0,0.0,0.0,0.0,0.0,0.0,0.0,0.0,0.0,8075.0
201012,2010,12,848.0,360.0,857.0,1615.0,325.0,319.0,604.0,353.0,194.0,313.0,179.0,0.0,0.0,0.0,0.0,0.0,0.0,0.0,0.0,5967.0
201101,2011,1,125.0,43.0,77.0,137.0,57.0,15.0,72.0,41.0,21.0,0.0,36.0,0.0,20.0,0.0,0.0,0.0,0.0,0.0,0.0,644.0
201102,2011,2,225.0,45.0,71.0,226.0,24.0,27.0,89.0,32.0,33.0,13.0,35.0,0.0,0.0,0.0,0.0,0.0,0.0,0.0,0.0,820.0
201103,2011,3,955.0,223.0,327.0,524.0,165.0,139.0,299.0,130.0,144.0,43.0,74.0,0.0,0.0,0.0,0.0,0.0,0.0,0.0,0.0,3023.0
201104,2011,4,2954.0,552.0,1312.0,3250.0,1224.0,1131.0,2190.0,634.0,300.0,254.0,353.0,0.0,0.0,0.0,0.0,0.0,0.0,0.0,0.0,14154.0
201105,2011,5,1434.0,637.0,1791.0,5598.0,674.0,4195.0,2673.0,1170.0,530.0,543.0,560.0,0.0,0.0,0.0,0.0,0.0,0.0,0.0,0.0,19805.0
201106,2011,6,2553.0,750.0,2460.0,6727.0,1061.0,4673.0,3536.0,1524.0,605.0,665.0,685.0,0.0,0.0,0.0,0.0,0.0,0.0,0.0,0.0,25239.0
201107,2011,7,9138.0,870.0,2640.0,5453.0,3903.0,2038.0,3353.0,1516.0,520.0,650.0,761.0,0.0,0.0,0.0,0.0,0.0,0.0,0.0,0.0,30842.0
201108,2011,8,8739.0,1742.0,4488.0,10072.0,4814.0,1448.0,5901.0,1688.0,744.0,788.0,1065.0,0.0,0.0,0.0,0.0,0.0,0.0,0.0,0.0,41489.0
201109,2011,9,3362.0,1084.0,3005.0,6575.0,1039.0,3657.0,3915.0,1503.0,542.0,622.0,719.0,0.0,0.0,0.0,0.0,0.0,0.0,0.0,0.0,26023.0
201110,2011,10,1734.0,622.0,2062.0,3750.0,686.0,2677.0,2339.0,916.0,508.0,346.0,603.0,0.0,0.0,0.0,0.0,0.0,0.0,0.0,0.0,16243.0
201111,2011,11,461.0,162.0,419.0,960.0,159.0,339.0,479.0,195.0,193.0,76.0,148.0,0.0,0.0,0.0,0.0,0.0,0.0,0.0,0.0,3591.0
201112,2011,12,166.0,133.0,215.0,348.0,79.0,60.0,235.0,86.0,89.0,28.0,59.0,0.0,0.0,0.0,0.0,0.0,0.0,0.0,0.0,1498.0
201201,2012,1,219.0,57.0,97.0,165.0,58.0,36.0,104.0,50.0,41.0,0.0,31.0,0.0,14.0,0.0,0.0,0.0,0.0,0.0,0.0,872.0
201202,2012,2,465.0,73.0,109.0,219.0,97.0,54.0,145.0,34.0,55.0,0.0,43.0,0.0,0.0,11.0,0.0,0.0,0.0,0.0,0.0,1305.0
201203,2012,3,959.0,171.0,320.0,693.0,117.0,254.0,340.0,137.0,117.0,57.0,95.0,0.0,0.0,0.0,0.0,0.0,0.0,0.0,0.0,3260.0
201204,2012,4,2987.0,552.0,1430.0,3298.0,1291.0,1340.0,2098.0,659.0,407.0,348.0,339.0,0.0,0.0,0.0,0.0,0.0,0.0,0.0,0.0,14749.0
201205,2012,5,1307.0,646.0,2569.0,5521.0,858.0,4651.0,3209.0,1041.0,634.0,649.0,691.0,0.0,0.0,0.0,0.0,0.0,0.0,0.0,0.0,21776.0
201206,2012,6,2647.0,845.0,2711.0,6262.0,1118.0,4843.0,3335.0,1559.0,704.0,705.0,788.0,0.0,0.0,0.0,0.0,0.0,0.0,0.0,0.0,25517.0
201207,2012,7,10826.0,929.0,2507.0,5480.0,4178.0,1975.0,3292.0,1268.0,711.0,638.0,1014.0,0.0,0.0,0.0,0.0,0.0,0.0,0.0,0.0,32818.0
201208,2012,8,9396.0,1963.0,4813.0,9398.0,4503.0,1412.0,5282.0,1446.0,925.0,735.0,1223.0,0.0,0.0,0.0,0.0,0.0,0.0,0.0,0.0,41096.0
201209,2012,9,3591.0,1052.0,3727.0,6420.0,1071.0,3987.0,3858.0,1353.0,667.0,705.0,890.0,0.0,0.0,0.0,0.0,0.0,0.0,0.0,0.0,27321.0
201210,2012,10,1705.0,588.0,2637.0,4285.0,818.0,3050.0,2384.0,911.0,585.0,398.0,730.0,0.0,0.0,0.0,0.0,0.0,0.0,0.0,0.0,18091.0
201211,2012,11,432.0,279.0,606.0,1027.0,205.0,375.0,542.0,200.0,241.0,87.0,176.0,0.0,0.0,0.0,0.0,0.0,0.0,0.0,0.0,4170.0
201212,2012,12,211.0,121.0,250.0,295.0,87.0,113.0,162.0,90.0,80.0,23.0,51.0,0.0,0.0,0.0,0.0,0.0,0.0,0.0,0.0,1483.0
201301,2013,1,164.0,57.0,119.0,151.0,67.0,27.0,87.0,52.0,34.0,16.0,32.0,0.0,0.0,0.0,0.0,0.0,0.0,0.0,0.0,806.0
201302,2013,2,542.0,80.0,108.0,278.0,64.0,30.0,111.0,44.0,51.0,0.0,56.0,0.0,0.0,18.0,0.0,0.0,0.0,0.0,0.0,1382.0
201303,2013,3,2313.0,279.0,768.0,1290.0,549.0,320.0,782.0,302.0,172.0,168.0,285.0,0.0,0.0,0.0,0.0,0.0,0.0,0.0,0.0,7228.0
201304,2013,4,1825.0,452.0,1498.0,2734.0,740.0,1464.0,1236.0,593.0,283.0,221.0,486.0,0.0,0.0,0.0,0.0,0.0,0.0,0.0,0.0,11532.0
201305,2013,5,1509.0,839.0,3899.0,5985.0,1063.0,5290.0,2947.0,1264.0,643.0,736.0,1030.0,0.0,0.0,0.0,0.0,0.0,0.0,0.0,0.0,25205.0
201306,2013,6,3784.0,1069.0,3233.0,7045.0,1246.0,5532.0,3458.0,1521.0,763.0,743.0,980.0,0.0,0.0,0.0,0.0,0.0,0.0,0.0,0.0,29374.0
201307,2013,7,12199.0,1102.0,2775.0,6205.0,4428.0,2411.0,3334.0,1449.0,774.0,695.0,1187.0,0.0,0.0,0.0,0.0,0.0,0.0,0.0,0.0,36559.0
201308,2013,8,11130.0,2167.0,5682.0,10619.0,5015.0,1702.0,5237.0,1781.0,1002.0,899.0,1492.0,0.0,0.0,0.0,0.0,0.0,0.0,0.0,0.0,46726.0
201309,2013,9,4067.0,826.0,3730.0,7982.0,1279.0,4527.0,4020.0,1820.0,740.0,739.0,1164.0,0.0,0.0,0.0,0.0,0.0,0.0,0.0,0.0,30894.0
201310,2013,10,1899.0,543.0,2343.0,4602.0,904.0,3758.0,2565.0,949.0,597.0,480.0,967.0,0.0,0.0,0.0,0.0,0.0,0.0,0.0,0.0,19607.0
201311,2013,11,741.0,88.0,602.0,1289.0,212.0,539.0,449.0,273.0,327.0,133.0,254.0,0.0,0.0,0.0,0.0,0.0,0.0,0.0,0.0,4907.0
201312,2013,12,188.0,95.0,206.0,442.0,101.0,116.0,145.0,98.0,122.0,55.0,91.0,0.0,0.0,0.0,0.0,0.0,0.0,0.0,0.0,1659.0
201401,2014,1,236.0,43.0,114.0,191.0,74.0,37.0,78.0,42.0,32.0,0.0,44.0,0.0,0.0,15.0,0.0,0.0,0.0,0.0,0.0,906.0
201402,2014,2,338.0,25.0,98.0,225.0,43.0,64.0,45.0,31.0,42.0,0.0,41.0,0.0,0.0,18.0,0.0,0.0,0.0,0.0,0.0,970.0
201403,2014,3,789.0,135.0,400.0,555.0,98.0,220.0,359.0,295.0,94.0,69.0,136.0,0.0,0.0,0.0,0.0,0.0,0.0,0.0,0.0,3150.0
201404,2014,4,3913.0,452.0,2370.0,3743.0,1522.0,1620.0,1813.0,619.0,322.0,336.0,637.0,0.0,0.0,0.0,0.0,0.0,0.0,0.0,0.0,17347.0
201405,2014,5,1926.0,0.0,3721.0,6827.0,1119.0,6142.0,2990.0,1469.0,533.0,815.0,1049.0,0.0,0.0,763.0,0.0,0.0,0.0,0.0,0.0,27354.0
201406,2014,6,4206.0,0.0,3865.0,7937.0,1556.0,6311.0,3886.0,1890.0,729.0,819.0,1154.0,0.0,0.0,668.0,0.0,0.0,0.0,0.0,0.0,33021.0
201407,2014,7,12726.0,0.0,3217.0,6904.0,4743.0,2861.0,3451.0,1950.0,793.0,706.0,1542.0,0.0,0.0,688.0,0.0,0.0,0.0,0.0,0.0,39581.0
201408,2014,8,12835.0,905.0,6136.0,11669.0,5367.0,1953.0,5779.0,2243.0,0.0,965.0,2343.0,0.0,0.0,1023.0,0.0,0.0,0.0,0.0,0.0,51218.0
201409,2014,9,4560.0,0.0,4174.0,8956.0,1359.0,5444.0,4558.0,1956.0,783.0,767.0,1303.0,0.0,0.0,597.0,0.0,0.0,0.0,0.0,0.0,34457.0
201410,2014,10,2961.0,0.0,2927.0,6078.0,1151.0,4216.0,2586.0,1017.0,444.0,588.0,826.0,0.0,0.0,411.0,0.0,0.0,0.0,0.0,0.0,23205.0
201411,2014,11,460.0,109.0,577.0,1520.0,214.0,553.0,560.0,227.0,256.0,106.0,221.0,0.0,0.0,0.0,0.0,0.0,0.0,0.0,0.0,4803.0
201412,2014,12,274.0,68.0,294.0,447.0,94.0,96.0,289.0,106.0,112.0,35.0,55.0,0.0,0.0,0.0,0.0,0.0,0.0,0.0,0.0,1870.0
201501,2015,1,290.0,25.0,229.0,250.0,95.0,32.0,115.0,72.0,46.0,0.0,50.0,0.0,13.0,0.0,0.0,0.0,0.0,0.0,0.0,1217.0
201502,2015,2,627.0,33.0,143.0,301.0,94.0,50.0,132.0,52.0,33.0,0.0,57.0,0.0,22.0,0.0,0.0,0.0,0.0,0.0,0.0,1544.0
201503,2015,3,1988.0,89.0,614.0,838.0,267.0,312.0,467.0,149.0,149.0,68.0,139.0,0.0,0.0,0.0,0.0,0.0,0.0,0.0,0.0,5080.0
201504,2015,4,3133.0,0.0,2796.0,4293.0,1273.0,1995.0,1638.0,811.0,356.0,390.0,659.0,0.0,0.0,377.0,0.0,0.0,0.0,0.0,0.0,17721.0
201505,2015,5,2342.0,0.0,4391.0,8171.0,1268.0,6594.0,3329.0,1691.0,762.0,777.0,1082.0,0.0,0.0,669.0,0.0,0.0,0.0,0.0,0.0,31076.0
201506,2015,6,4603.0,0.0,4690.0,7827.0,1689.0,6865.0,4223.0,2218.0,839.0,891.0,1364.0,0.0,0.0,714.0,0.0,0.0,0.0,0.0,0.0,35923.0
201507,2015,7,15058.0,0.0,4321.0,6969.0,4971.0,3152.0,4600.0,2088.0,677.0,998.0,1530.0,0.0,0.0,430.0,0.0,0.0,0.0,0.0,0.0,44794.0
201508,2015,8,14025.0,1006.0,8537.0,11328.0,5569.0,2061.0,6231.0,2333.0,778.0,980.0,1946.0,0.0,0.0,0.0,0.0,0.0,0.0,0.0,0.0,54794.0
201509,2015,9,4831.0,0.0,5119.0,8435.0,1402.0,6154.0,5999.0,1992.0,669.0,823.0,1311.0,0.0,0.0,694.0,0.0,0.0,0.0,0.0,0.0,37429.0
201510,2015,10,2654.0,0.0,3928.0,5860.0,1173.0,4887.0,3263.0,1244.0,587.0,560.0,972.0,0.0,0.0,448.0,0.0,0.0,0.0,0.0,0.0,25576.0
201511,2015,11,622.0,104.0,614.0,1650.0,226.0,568.0,428.0,324.0,267.0,0.0,299.0,0.0,0.0,126.0,0.0,0.0,0.0,0.0,0.0,5228.0
201512,2015,12,305.0,74.0,379.0,547.0,131.0,127.0,163.0,129.0,102.0,0.0,79.0,0.0,0.0,26.0,0.0,0.0,0.0,0.0,0.0,2062.0
201601,2016,1,253.0,61.0,209.0,301.0,99.0,45.0,111.0,89.0,51.0,0.0,65.0,0.0,20.0,0.0,0.0,0.0,0.0,0.0,0.0,1304.0
201602,2016,2,540.0,47.0,164.0,374.0,109.0,82.0,113.0,98.0,57.0,76.0,73.0,0.0,0.0,0.0,0.0,0.0,0.0,0.0,0.0,1733.0
201603,2016,3,3534.0,0.0,1404.0,1853.0,988.0,509.0,1360.0,542.0,177.0,176.0,358.0,0.0,0.0,166.0,0.0,0.0,0.0,0.0,0.0,11067.0
201604,2016,4,2304.0,0.0,2213.0,3387.0,825.0,2228.0,1941.0,843.0,257.0,343.0,552.0,0.0,0.0,207.0,0.0,0.0,0.0,0.0,0.0,15100.0
201605,2016,5,2294.0,0.0,5557.0,6603.0,1385.0,7222.0,4701.0,2171.0,514.0,757.0,1095.0,0.0,0.0,477.0,0.0,0.0,0.0,0.0,0.0,32776.0
201606,2016,6,5574.0,0.0,5403.0,7700.0,1744.0,7838.0,4855.0,2396.0,630.0,1016.0,1233.0,0.0,0.0,681.0,0.0,0.0,0.0,0.0,0.0,39070.0
201607,2016,7,13983.0,0.0,5306.0,8223.0,4891.0,3255.0,4009.0,2567.0,669.0,857.0,1318.0,0.0,0.0,393.0,0.0,0.0,0.0,0.0,0.0,45471.0
201608,2016,8,12137.0,831.0,9074.0,11287.0,5699.0,2377.0,6355.0,2569.0,673.0,987.0,1715.0,0.0,0.0,0.0,0.0,0.0,0.0,0.0,0.0,53704.0
201609,2016,9,5282.0,0.0,6175.0,9346.0,1456.0,6310.0,5739.0,2519.0,633.0,825.0,1243.0,0.0,0.0,621.0,0.0,0.0,0.0,0.0,0.0,40149.0
201610,2016,10,2748.0,0.0,4701.0,6087.0,1242.0,5063.0,4239.0,1507.0,585.0,632.0,978.0,0.0,0.0,440.0,0.0,0.0,0.0,0.0,0.0,28222.0
201611,2016,11,660.0,170.0,1109.0,1890.0,321.0,687.0,545.0,331.0,228.0,136.0,317.0,0.0,0.0,0.0,0.0,0.0,0.0,0.0,0.0,6394.0
201612,2016,12,580.0,113.0,445.0,689.0,163.0,199.0,281.0,125.0,92.0,0.0,136.0,0.0,0.0,41.0,0.0,0.0,0.0,0.0,0.0,2864.0
201701,2017,1,299.0,51.0,210.0,271.0,132.0,37.0,145.0,70.0,39.0,0.0,73.0,0.0,0.0,27.0,0.0,0.0,0.0,0.0,0.0,1354.0
201702,2017,2,483.0,39.0,210.0,394.0,88.0,170.0,128.0,55.0,45.0,0.0,56.0,0.0,0.0,28.0,0.0,0.0,0.0,0.0,0.0,1696.0
201703,2017,3,1528.0,160.0,587.0,1192.0,242.0,435.0,366.0,268.0,103.0,0.0,196.0,0.0,0.0,99.0,0.0,0.0,0.0,0.0,0.0,5176.0
201704,2017,4,6258.0,0.0,3091.0,5962.0,2128.0,2388.0,3680.0,1288.0,401.0,492.0,826.0,0.0,0.0,411.0,0.0,0.0,0.0,0.0,0.0,26925.0
201705,2017,5,2252.0,0.0,3917.0,10359.0,1388.0,7867.0,4367.0,1988.0,592.0,827.0,1065.0,0.0,0.0,725.0,0.0,0.0,0.0,0.0,0.0,35347.0
201706,2017,6,6268.0,0.0,3531.0,11184.0,1878.0,7598.0,4699.0,3056.0,675.0,862.0,1221.0,0.0,0.0,647.0,0.0,0.0,0.0,0.0,0.0,41619.0
201707,2017,7,15417.0,0.0,3585.0,9387.0,5389.0,3260.0,4043.0,2892.0,526.0,866.0,1623.0,0.0,0.0,482.0,0.0,0.0,0.0,0.0,0.0,47470.0
201708,2017,8,14532.0,980.0,6864.0,14742.0,6053.0,2443.0,5352.0,3071.0,0.0,969.0,1948.0,0.0,0.0,726.0,0.0,0.0,0.0,0.0,0.0,57680.0
201709,2017,9,5529.0,0.0,5296.0,11984.0,1619.0,6740.0,4662.0,2773.0,513.0,905.0,1465.0,0.0,0.0,703.0,0.0,0.0,0.0,0.0,0.0,42189.0
201710,2017,10,2831.0,0.0,4296.0,9032.0,1278.0,5904.0,3149.0,1970.0,539.0,647.0,1124.0,0.0,0.0,571.0,0.0,0.0,0.0,0.0,0.0,31341.0
201711,2017,11,630.0,0.0,1060.0,2097.0,279.0,888.0,1063.0,434.0,211.0,147.0,320.0,0.0,0.0,217.0,0.0,0.0,0.0,0.0,0.0,7346.0
201712,2017,12,450.0,89.0,492.0,621.0,158.0,164.0,445.0,183.0,101.0,0.0,136.0,0.0,0.0,54.0,0.0,0.0,0.0,0.0,0.0,2893.0
201801,2018,1,366.0,33.0,160.0,336.0,161.0,75.0,204.0,84.0,59.0,20.0,0.0,8.0,36.0,43.0,18.0,11.0,8.0,5.0,0.0,1627.0
201802,2018,2,599.0,70.0,232.0,485.0,116.0,146.0,222.0,90.0,51.0,50.0,0.0,11.0,20.0,27.0,13.0,39.0,6.0,4.0,0.0,2181.0
201803,2018,3,3940.0,163.0,1421.0,1847.0,927.0,583.0,1060.0,586.0,136.0,128.0,0.0,24.0,56.0,111.0,25.0,28.0,13.0,8.0,0.0,11056.0
201804,2018,4,3714.0,152.0,2733.0,5183.0,1483.0,2882.0,2797.0,1526.0,287.0,429.0,0.0,59.0,179.0,459.0,67.0,77.0,21.0,20.0,0.0,22068.0
201805,2018,5,3015.0,0.0,4815.0,11571.0,0.0,8860.0,4237.0,0.0,0.0,0.0,8167.0,0.0,0.0,0.0,0.0,0.0,0.0,0.0,0.0,40665.0
201806,2018,6,6858.0,490.0,4981.0,12467.0,2087.0,8567.0,3832.0,2969.0,623.0,1139.0,0.0,155.0,369.0,749.0,100.0,196.0,47.0,56.0,0.0,45685.0
201807,2018,7,16232.0,363.0,5038.0,10153.0,5936.0,3603.0,3519.0,2775.0,531.0,901.0,0.0,327.0,376.0,562.0,163.0,285.0,44.0,59.0,0.0,50867.0
201808,2018,8,13625.0,1095.0,8407.0,15595.0,6523.0,2774.0,5729.0,2935.0,613.0,1124.0,0.0,317.0,493.0,615.0,183.0,237.0,81.0,69.0,0.0,60415.0
201809,2018,9,6141.0,570.0,6184.0,13841.0,1827.0,7422.0,4622.0,2945.0,555.0,976.0,0.0,156.0,434.0,880.0,175.0,167.0,58.0,53.0,0.0,47006.0
201810,2018,10,3110.0,306.0,5058.0,10231.0,1636.0,6850.0,3482.0,1806.0,639.0,848.0,0.0,108.0,472.0,669.0,149.0,124.0,65.0,49.0,0.0,35602.0
201811,2018,11,746.0,102.0,1330.0,2178.0,321.0,799.0,898.0,473.0,241.0,136.0,0.0,28.0,106.0,191.0,42.0,22.0,27.0,11.0,0.0,7651.0
201812,2018,12,327.0,39.0,426.0,723.0,132.0,191.0,283.0,137.0,118.0,38.0,0.0,8.0,43.0,48.0,13.0,8.0,15.0,4.0,0.0,2553.0
201901,2019,1,270.0,32.0,273.0,446.0,144.0,78.0,179.0,110.0,33.0,12.0,0.0,5.0,21.0,22.0,12.0,5.0,5.0,4.0,0.0,1651.0
201902,2019,2,537.0,26.0,300.0,513.0,137.0,168.0,170.0,92.0,71.0,28.0,0.0,9.0,25.0,22.0,11.0,2.0,4.0,4.0,0.0,2119.0
201903,2019,3,1897.0,87.0,1218.0,1598.0,364.0,654.0,703.0,356.0,135.0,145.0,0.0,32.0,74.0,113.0,38.0,21.0,27.0,12.0,0.0,7474.0
201904,2019,4,6709.0,391.0,4489.0,7243.0,2582.0,3218.0,3293.0,1599.0,360.0,541.0,0.0,76.0,241.0,650.0,110.0,107.0,55.0,58.0,0.0,31722.0
201905,2019,5,4093.0,555.0,6632.0,12594.0,1861.0,10311.0,4676.0,2424.0,628.0,1002.0,0.0,156.0,399.0,919.0,161.0,139.0,71.0,52.0,0.0,46673.0
201906,2019,6,7757.0,620.0,5688.0,10998.0,2615.0,8782.0,5711.0,3044.0,623.0,1051.0,0.0,191.0,443.0,1031.0,169.0,168.0,63.0,104.0,0.0,49058.0
201907,2019,7,17184.0,531.0,4718.0,9085.0,6543.0,3916.0,4510.0,3015.0,475.0,986.0,0.0,401.0,503.0,860.0,206.0,256.0,62.0,68.0,0.0,53319.0
201908,2019,8,14179.0,944.0,8594.0,16600.0,6697.0,2997.0,5955.0,2856.0,545.0,1006.0,0.0,393.0,616.0,824.0,193.0,254.0,57.0,104.0,0.0,62814.0
201909,2019,9,5851.0,475.0,7529.0,11712.0,1837.0,7423.0,4768.0,2723.0,492.0,925.0,0.0,206.0,423.0,858.0,166.0,135.0,55.0,75.0,0.0,45653.0
201910,2019,10,3274.0,206.0,7157.0,8991.0,1522.0,7311.0,2710.0,1908.0,623.0,749.0,0.0,133.0,391.0,798.0,117.0,134.0,44.0,50.0,0.0,36118.0
201911,2019,11,635.0,106.0,2245.0,2224.0,338.0,934.0,637.0,375.0,278.0,148.0,0.0,26.0,94.0,148.0,38.0,19.0,25.0,4.0,0.0,8274.0
201912,2019,12,299.0,56.0,615.0,754.0,109.0,178.0,313.0,134.0,87.0,41.0,0.0,3.0,43.0,35.0,14.0,10.0,11.0,8.0,0.0,2710.0
202001,2020,1,329.0,35.0,367.0,537.0,143.0,98.0,204.0,90.0,59.0,28.0,0.0,6.0,42.0,32.0,16.0,5.0,7.0,3.0,0.0,2001.0
202002,2020,2,908.0,56.0,426.0,757.0,235.0,146.0,214.0,110.0,79.0,29.0,0.0,12.0,34.0,34.0,18.0,4.0,5.0,9.0,0.0,3076.0
202003,2020,3,450.0,67.0,317.0,494.0,95.0,144.0,134.0,78.0,62.0,38.0,0.0,7.0,19.0,25.0,5.0,9.0,4.0,0.0,0.0,1948.0
202006,2020,6,0.0,0.0,3.0,1.0,1.0,2.0,0.0,3.0,0.0,0.0,0.0,0.0,0.0,0.0,0.0,0.0,0.0,1.0,1.0,12.0
202007,2020,7,1530.0,88.0,835.0,1880.0,684.0,336.0,630.0,382.0,138.0,80.0,2842.0,35.0,46.0,60.0,28.0,13.0,0.0,17.0,128.0,9752.0
202008,2020,8,767.0,96.0,545.0,1422.0,354.0,281.0,368.0,207.0,91.0,87.0,15135.0,0.0,61.0,122.0,0.0,0.0,0.0,26.0,250.0,19812.0
202009,2020,9,221.0,36.0,213.0,738.0,40.0,379.0,214.0,158.0,51.0,49.0,8156.0,3.0,47.0,65.0,21.0,3.0,7.0,28.0,12.0,10441.0
202010,2020,10,31.0,31.0,122.0,420.0,26.0,258.0,103.0,56.0,34.0,17.0,5234.0,2.0,18.0,37.0,9.0,0.0,0.0,9.0,11.0,6418.0
202011,2020,11,5.0,3.0,20.0,51.0,0.0,21.0,14.0,4.0,7.0,0.0,434.0,0.0,3.0,3.0,0.0,0.0,0.0,0.0,20.0,585.0
202012,2020,12,5.0,0.0,13.0,11.0,3.0,2.0,4.0,4.0,0.0,0.0,44.0,0.0,0.0,0.0,0.0,0.0,0.0,0.0,13.0,99.0
202101,2021,1,2.0,0.0,8.0,4.0,0.0,3.0,0.0,0.0,4.0,0.0,24.0,0.0,0.0,0.0,0.0,0.0,0.0,0.0,15.0,60.0
202102,2021,2,0.0,0.0,1.0,1.0,0.0,0.0,1.0,0.0,1.0,0.0,0.0,0.0,2.0,0.0,0.0,0.0,0.0,0.0,8.0,14.0
202103,2021,3,5.0,6.0,14.0,19.0,2.0,8.0,8.0,2.0,6.0,5.0,104.0,0.0,0.0,0.0,0.0,0.0,0.0,0.0,15.0,194.0
202104,2021,4,21.0,14.0,32.0,61.0,14.0,25.0,16.0,6.0,9.0,5.0,800.0,0.0,3.0,0.0,0.0,0.0,0.0,0.0,18.0,1024.0
202105,2021,5,20.0,5.0,58.0,139.0,12.0,62.0,30.0,12.0,6.0,12.0,3904.0,0.0,4.0,3.0,0.0,0.0,0.0,0.0,28.0,4295.0
202106,2021,6,557.0,18.0,95.0,356.0,63.0,262.0,43.0,96.0,14.0,10.0,12924.0,0.0,10.0,6.0,0.0,0.0,0.0,0.0,370.0,14824.0
202107,2021,7,1421.0,0.0,411.0,1266.0,269.0,841.0,244.0,250.0,57.0,95.0,28264.0,0.0,0.0,0.0,0.0,0.0,0.0,0.0,845.0,33963.0
202108,2021,8,1129.0,0.0,256.0,907.0,177.0,562.0,173.0,194.0,0.0,60.0,39316.0,0.0,0.0,0.0,0.0,0.0,0.0,0.0,801.0,43575.0
202109,2021,9,683.0,0.0,373.0,1120.0,101.0,1563.0,192.0,125.0,0.0,80.0,32398.0,0.0,0.0,54.0,0.0,0.0,0.0,0.0,774.0,37463.0
202110,2021,10,174.0,0.0,339.0,698.0,99.0,1252.0,176.0,125.0,58.0,75.0,27279.0,0.0,0.0,66.0,0.0,0.0,0.0,0.0,829.0,31170.0
202111,2021,11,36.0,0.0,114.0,282.0,31.0,239.0,52.0,53.0,15.0,22.0,7921.0,0.0,10.0,16.0,0.0,0.0,0.0,0.0,303.0,9094.0
202112,2021,12,9.0,0.0,8.0,54.0,0.0,21.0,5.0,0.0,0.0,0.0,985.0,0.0,0.0,0.0,0.0,0.0,0.0,0.0,111.0,1193.0
202201,2022,1,35.0,2.0,35.0,71.0,10.0,23.0,14.0,25.0,5.0,6.0,1230.0,3.0,7.0,3.0,2.0,0.0,2.0,0.0,144.0,1617.0
202202,2022,2,58.0,0.0,47.0,114.0,25.0,40.0,29.0,9.0,18.0,0.0,1551.0,2.0,5.0,0.0,0.0,0.0,0.0,0.0,136.0,2034.0
202203,2022,3,352.0,0.0,102.0,365.0,66.0,244.0,74.0,44.0,26.0,29.0,5595.0,0.0,18.0,0.0,0.0,0.0,0.0,0.0,474.0,7389.0
202204,2022,4,1041.0,0.0,421.0,1074.0,216.0,1044.0,300.0,216.0,0.0,78.0,28717.0,0.0,0.0,0.0,0.0,0.0,0.0,0.0,1176.0,34283.0
202205,2022,5,1071.0,83.0,1196.0,2332.0,284.0,4089.0,517.0,267.0,100.0,190.0,37228.0,0.0,94.0,187.0,0.0,0.0,0.0,0.0,616.0,48254.0
202206,2022,6,1643.0,107.0,1265.0,2944.0,463.0,4122.0,842.0,751.0,153.0,250.0,44330.0,0.0,120.0,218.0,0.0,0.0,0.0,0.0,804.0,58012.0
202207,2022,7,1925.0,0.0,629.0,2534.0,770.0,1775.0,439.0,328.0,89.0,125.0,41086.0,0.0,0.0,204.0,0.0,0.0,0.0,0.0,1175.0,51079.0
202208,2022,8,1853.0,0.0,777.0,2862.0,646.0,1166.0,522.0,230.0,0.0,0.0,75059.0,0.0,0.0,161.0,0.0,0.0,0.0,0.0,2566.0,85842.0
202209,2022,9,411.0,114.0,988.0,2411.0,250.0,2740.0,371.0,214.0,96.0,145.0,56977.0,0.0,76.0,131.0,0.0,0.0,0.0,0.0,1272.0,66196.0
202210,2022,10,236.0,91.0,645.0,1571.0,213.0,2345.0,423.0,170.0,95.0,119.0,44278.0,0.0,103.0,188.0,0.0,0.0,0.0,0.0,879.0,51356.0
