,ID,Year,Month,Description,Total,Percent
0,200401,2004,1,Europa,608,94.55676516329704
1,200401,2004,1,América del Norte,13,2.021772939346812
2,200401,2004,1,Oceanía,10,1.5552099533437014
3,200401,2004,1,América del Sur,7,1.088646967340591
4,200401,2004,1,Asia,5,0.7776049766718507
5,200402,2004,2,Europa,1332,95.07494646680942
6,200402,2004,2,América del Sur,31,2.212705210563883
7,200402,2004,2,América del Norte,30,2.1413276231263385
8,200402,2004,2,Africa,3,0.21413276231263384
9,200402,2004,2,Asia,3,0.21413276231263384
10,200402,2004,2,Oceanía,2,0.14275517487508924
11,200403,2004,3,Europa,2986,96.16747181964573
12,200403,2004,3,América del Norte,66,2.1256038647342996
13,200403,2004,3,América del Sur,34,1.0950080515297906
14,200403,2004,3,Asia,15,0.4830917874396135
15,200403,2004,3,Oceanía,4,0.1288244766505636
16,200404,2004,4,Europa,14934,96.01388710299601
17,200404,2004,4,América del Norte,320,2.0573485920020573
18,200404,2004,4,América del Sur,223,1.4337148000514337
19,200404,2004,4,Oceanía,38,0.2443101453002443
20,200404,2004,4,Asia,27,0.1735887874501736
21,200404,2004,4,Africa,12,0.07715057220007715
22,200405,2004,5,Europa,15629,92.69869513641756
23,200405,2004,5,América del Norte,593,3.5172004744958483
24,200405,2004,5,América del Sur,487,2.888493475682088
25,200405,2004,5,Oceanía,108,0.6405693950177936
26,200405,2004,5,Asia,24,0.1423487544483986
27,200405,2004,5,Africa,19,0.11269276393831554
28,200406,2004,6,Europa,17831,92.41254210935476
29,200406,2004,6,América del Norte,763,3.9543923296190724
30,200406,2004,6,América del Sur,527,2.7312775330396475
31,200406,2004,6,Oceanía,95,0.4923555325213786
32,200406,2004,6,Asia,53,0.27468256024876914
33,200406,2004,6,Africa,26,0.1347499352163773
34,200407,2004,7,Europa,30615,95.99887115487128
35,200407,2004,7,América del Norte,679,2.1291273400018813
36,200407,2004,7,América del Sur,444,1.3922423254209653
37,200407,2004,7,Asia,67,0.2100906211783889
38,200407,2004,7,Oceanía,55,0.17246245022106552
39,200407,2004,7,Africa,31,0.09720610830641874
40,200408,2004,8,Europa,44785,98.21056555777285
41,200408,2004,8,América del Sur,429,0.9407688427885353
42,200408,2004,8,América del Norte,282,0.6184074910637924
43,200408,2004,8,Asia,59,0.12938312756299203
44,200408,2004,8,Oceanía,25,0.05482335913686103
45,200408,2004,8,Africa,21,0.04605162167496327
46,200409,2004,9,Europa,21544,94.69057665260198
47,200409,2004,9,América del Norte,574,2.522855133614627
48,200409,2004,9,América del Sur,472,2.0745428973277074
49,200409,2004,9,Oceanía,93,0.40875527426160335
50,200409,2004,9,Asia,52,0.22855133614627285
51,200409,2004,9,Africa,17,0.07471870604781997
52,200410,2004,10,Europa,13169,90.4712833195933
53,200410,2004,10,América del Norte,689,4.73344325364111
54,200410,2004,10,América del Sur,526,3.613630118164331
55,200410,2004,10,Oceanía,104,0.7144820005496015
56,200410,2004,10,Asia,44,0.3022808463863699
57,200410,2004,10,Africa,24,0.16488046166529266
58,200411,2004,11,Europa,3914,88.75283446712018
59,200411,2004,11,América del Sur,322,7.301587301587301
60,200411,2004,11,América del Norte,129,2.925170068027211
61,200411,2004,11,Oceanía,27,0.6122448979591837
62,200411,2004,11,Asia,17,0.3854875283446712
63,200411,2004,11,Africa,1,0.022675736961451247
64,200412,2004,12,Europa,3658,96.21251972645976
65,200412,2004,12,América del Sur,73,1.9200420831141505
66,200412,2004,12,América del Norte,46,1.209889531825355
67,200412,2004,12,Oceanía,13,0.34192530247238295
68,200412,2004,12,Asia,12,0.3156233561283535
69,200501,2005,1,Europa,229,85.13011152416357
70,200501,2005,1,América del Norte,21,7.806691449814126
71,200501,2005,1,América del Sur,13,4.83271375464684
72,200501,2005,1,Oceanía,4,1.486988847583643
73,200501,2005,1,Asia,2,0.7434944237918215
74,200502,2005,2,Europa,536,94.86725663716814
75,200502,2005,2,Asia,14,2.47787610619469
76,200502,2005,2,América del Sur,9,1.592920353982301
77,200502,2005,2,América del Norte,5,0.8849557522123894
78,200502,2005,2,Oceanía,1,0.17699115044247787
79,200503,2005,3,Europa,2898,92.85485421339314
80,200503,2005,3,América del Norte,111,3.5565523870554308
81,200503,2005,3,América del Sur,71,2.274911887215636
82,200503,2005,3,Asia,26,0.8330663248958667
83,200503,2005,3,Oceanía,13,0.41653316244793337
84,200503,2005,3,Africa,2,0.06408202499198974
85,200504,2005,4,Europa,3009,90.98881161173269
86,200504,2005,4,América del Norte,177,5.352283035984276
87,200504,2005,4,América del Sur,65,1.9655276685817962
88,200504,2005,4,Oceanía,40,1.2095554883580284
89,200504,2005,4,Asia,13,0.39310553371635926
90,200504,2005,4,Africa,3,0.09071666162685213
91,200505,2005,5,Europa,8244,88.54994629430719
92,200505,2005,5,América del Norte,534,5.735767991407089
93,200505,2005,5,América del Sur,322,3.4586466165413534
94,200505,2005,5,Oceanía,141,1.514500537056928
95,200505,2005,5,Asia,43,0.46186895810955964
96,200505,2005,5,Africa,26,0.27926960257787325
97,200506,2005,6,Europa,11233,89.01656232665029
98,200506,2005,6,América del Norte,785,6.220778191615818
99,200506,2005,6,América del Sur,355,2.813218163087408
100,200506,2005,6,Oceanía,129,1.022268008558523
101,200506,2005,6,Africa,62,0.49132260876456135
102,200506,2005,6,Asia,55,0.4358507013234012
103,200507,2005,7,Europa,17662,93.92682407998298
104,200507,2005,7,América del Norte,718,3.818336524143799
105,200507,2005,7,América del Sur,283,1.5049989363965113
106,200507,2005,7,Oceanía,65,0.34567113380131886
107,200507,2005,7,Africa,38,0.2020846628376941
108,200507,2005,7,Asia,38,0.2020846628376941
109,200508,2005,8,Europa,24079,96.97152752607627
110,200508,2005,8,América del Norte,328,1.3209294833071563
111,200508,2005,8,América del Sur,282,1.1356771777213965
112,200508,2005,8,Asia,69,0.2778784583786396
113,200508,2005,8,Oceanía,51,0.20538842575812494
114,200508,2005,8,Africa,22,0.08859892875840683
115,200509,2005,9,Europa,11149,91.62557527942144
116,200509,2005,9,América del Norte,513,4.215976331360947
117,200509,2005,9,América del Sur,267,2.1942800788954635
118,200509,2005,9,Oceanía,163,1.3395792241946087
119,200509,2005,9,Asia,54,0.4437869822485207
120,200509,2005,9,Africa,22,0.18080210387902695
121,200510,2005,10,Europa,5688,82.75862068965517
122,200510,2005,10,América del Norte,663,9.646442601484068
123,200510,2005,10,América del Sur,318,4.626800523788739
124,200510,2005,10,Oceanía,137,1.9933071438964063
125,200510,2005,10,Asia,45,0.6547359231776517
126,200510,2005,10,Africa,22,0.32009311799796303
127,200511,2005,11,Europa,1149,82.78097982708934
128,200511,2005,11,América del Norte,108,7.780979827089337
129,200511,2005,11,América del Sur,70,5.043227665706052
130,200511,2005,11,Oceanía,42,3.025936599423631
131,200511,2005,11,Asia,16,1.1527377521613833
132,200511,2005,11,Africa,3,0.21613832853025935
133,200512,2005,12,Europa,592,88.62275449101796
134,200512,2005,12,América del Norte,28,4.191616766467066
135,200512,2005,12,América del Sur,28,4.191616766467066
136,200512,2005,12,Asia,13,1.9461077844311376
137,200512,2005,12,Oceanía,6,0.8982035928143712
138,200512,2005,12,Africa,1,0.1497005988023952
139,200601,2006,1,Europa,287,88.58024691358025
140,200601,2006,1,América del Sur,20,6.172839506172839
141,200601,2006,1,América del Norte,8,2.4691358024691357
142,200601,2006,1,Asia,7,2.1604938271604937
143,200601,2006,1,Africa,1,0.30864197530864196
144,200601,2006,1,Oceanía,1,0.30864197530864196
145,200602,2006,2,Europa,326,92.87749287749288
146,200602,2006,2,América del Norte,13,3.7037037037037037
147,200602,2006,2,América del Sur,11,3.133903133903134
148,200602,2006,2,Asia,1,0.2849002849002849
149,200603,2006,3,Europa,983,89.68978102189782
150,200603,2006,3,América del Norte,66,6.021897810218978
151,200603,2006,3,América del Sur,27,2.4635036496350367
152,200603,2006,3,Asia,10,0.9124087591240876
153,200603,2006,3,Oceanía,10,0.9124087591240876
154,200604,2006,4,Europa,7020,94.21554153804858
155,200604,2006,4,América del Norte,204,2.7378875318749163
156,200604,2006,4,América del Sur,183,2.456046168299557
157,200604,2006,4,Oceanía,28,0.3757884847671453
158,200604,2006,4,Asia,11,0.14763119044423567
159,200604,2006,4,Africa,5,0.06710508656556168
160,200605,2006,5,Europa,8973,88.4300778555238
161,200605,2006,5,América del Norte,589,5.8046713314280085
162,200605,2006,5,América del Sur,343,3.3803094510692815
163,200605,2006,5,Oceanía,154,1.5176899576229428
164,200605,2006,5,Asia,59,0.5814526461022963
165,200605,2006,5,Africa,29,0.285798758253671
166,200606,2006,6,Europa,11550,88.77103988932441
167,200606,2006,6,América del Norte,758,5.825839674121897
168,200606,2006,6,América del Sur,352,2.7054031204365536
169,200606,2006,6,Oceanía,208,1.5986472984397817
170,200606,2006,6,Asia,72,0.553377910998386
171,200606,2006,6,Africa,71,0.545692106678964
172,200607,2006,7,Europa,17582,93.92094017094017
173,200607,2006,7,América del Norte,666,3.5576923076923075
174,200607,2006,7,América del Sur,261,1.3942307692307692
175,200607,2006,7,Oceanía,87,0.46474358974358976
176,200607,2006,7,Asia,77,0.4113247863247863
177,200607,2006,7,Africa,47,0.25106837606837606
178,200608,2006,8,Europa,25452,97.2081121338273
179,200608,2006,8,América del Norte,319,1.2183477829125768
180,200608,2006,8,América del Sur,282,1.0770347171829049
181,200608,2006,8,Asia,68,0.2597104991788565
182,200608,2006,8,Oceanía,41,0.15659015391666348
183,200608,2006,8,Africa,21,0.08020471298170569
184,200609,2006,9,Europa,12398,92.0415738678545
185,200609,2006,9,América del Norte,522,3.8752783964365256
186,200609,2006,9,América del Sur,334,2.479584261321455
187,200609,2006,9,Oceanía,106,0.7869339272457313
188,200609,2006,9,Asia,67,0.4974016332590943
189,200609,2006,9,Africa,43,0.3192279138827023
190,200610,2006,10,Europa,6405,83.18181818181819
191,200610,2006,10,América del Norte,692,8.987012987012987
192,200610,2006,10,América del Sur,310,4.025974025974026
193,200610,2006,10,Oceanía,169,2.1948051948051948
194,200610,2006,10,Asia,81,1.051948051948052
195,200610,2006,10,Africa,43,0.5584415584415584
196,200611,2006,11,Europa,1445,82.33618233618233
197,200611,2006,11,América del Norte,125,7.122507122507122
198,200611,2006,11,América del Sur,91,5.185185185185185
199,200611,2006,11,Oceanía,62,3.532763532763533
200,200611,2006,11,Asia,23,1.3105413105413106
201,200611,2006,11,Africa,9,0.5128205128205128
202,200612,2006,12,Europa,749,88.3254716981132
203,200612,2006,12,América del Norte,38,4.481132075471698
204,200612,2006,12,América del Sur,38,4.481132075471698
205,200612,2006,12,Asia,15,1.7688679245283019
206,200612,2006,12,Oceanía,8,0.9433962264150944
207,200701,2007,1,Europa,284,81.14285714285714
208,200701,2007,1,América del Norte,31,8.857142857142858
209,200701,2007,1,América del Sur,20,5.714285714285714
210,200701,2007,1,Asia,12,3.4285714285714284
211,200701,2007,1,Oceanía,3,0.8571428571428571
212,200702,2007,2,Europa,597,89.77443609022556
213,200702,2007,2,América del Norte,33,4.962406015037594
214,200702,2007,2,América del Sur,21,3.1578947368421053
215,200702,2007,2,Asia,10,1.5037593984962405
216,200702,2007,2,Oceanía,4,0.6015037593984962
217,200703,2007,3,Europa,1533,91.25
218,200703,2007,3,América del Norte,69,4.107142857142857
219,200703,2007,3,América del Sur,58,3.4523809523809526
220,200703,2007,3,Asia,14,0.8333333333333334
221,200703,2007,3,Oceanía,5,0.2976190476190476
222,200703,2007,3,Africa,1,0.05952380952380952
223,200704,2007,4,Europa,7495,92.35982747997535
224,200704,2007,4,América del Norte,326,4.017252002464572
225,200704,2007,4,América del Sur,173,2.1318545902649415
226,200704,2007,4,Oceanía,51,0.6284658040665434
227,200704,2007,4,Asia,41,0.5052372150338879
228,200704,2007,4,Africa,29,0.3573629081947012
229,200705,2007,5,Europa,11580,89.60074280408543
230,200705,2007,5,América del Norte,675,5.222841225626741
231,200705,2007,5,América del Sur,359,2.7777777777777777
232,200705,2007,5,Oceanía,190,1.4701330857319714
233,200705,2007,5,Asia,91,0.7041163726400496
234,200705,2007,5,Africa,29,0.22438873413803775
235,200706,2007,6,Europa,13398,88.24924252404163
236,200706,2007,6,América del Norte,911,6.000526939797128
237,200706,2007,6,América del Sur,424,2.792780924779344
238,200706,2007,6,Oceanía,217,1.429324199710183
239,200706,2007,6,Asia,141,0.928731392438414
240,200706,2007,6,Africa,91,0.5993940192333026
241,200707,2007,7,Europa,18878,93.65945624131773
242,200707,2007,7,América del Norte,726,3.601905139908712
243,200707,2007,7,América del Sur,325,1.612423099821393
244,200707,2007,7,Asia,106,0.5258979956340544
245,200707,2007,7,Oceanía,77,0.3820202421115301
246,200707,2007,7,Africa,44,0.21829728120658862
247,200708,2007,8,Europa,26333,96.49675693502877
248,200708,2007,8,América del Sur,376,1.3778445527501924
249,200708,2007,8,América del Norte,351,1.2862325479130785
250,200708,2007,8,Asia,161,0.5899813111510133
251,200708,2007,8,Oceanía,48,0.1758950492872586
252,200708,2007,8,Africa,20,0.07328960386969108
253,200709,2007,9,Europa,13938,91.20533961523361
254,200709,2007,9,América del Norte,651,4.259913623871221
255,200709,2007,9,América del Sur,381,2.493129171574401
256,200709,2007,9,Oceanía,136,0.8899358722680277
257,200709,2007,9,Asia,111,0.7263447192775815
258,200709,2007,9,Africa,65,0.4253369977751603
259,200710,2007,10,Europa,8102,85.79900455363762
260,200710,2007,10,América del Norte,654,6.925765117017897
261,200710,2007,10,América del Sur,310,3.282855024886159
262,200710,2007,10,Oceanía,178,1.8849941755797945
263,200710,2007,10,Asia,168,1.7790956263899185
264,200710,2007,10,Africa,31,0.32828550248861593
265,200711,2007,11,Europa,2065,82.7323717948718
266,200711,2007,11,América del Norte,197,7.892628205128205
267,200711,2007,11,América del Sur,102,4.086538461538462
268,200711,2007,11,Oceanía,70,2.8044871794871793
269,200711,2007,11,Asia,55,2.203525641025641
270,200711,2007,11,Africa,7,0.28044871794871795
271,200712,2007,12,Europa,712,89.55974842767296
272,200712,2007,12,América del Sur,30,3.7735849056603774
273,200712,2007,12,América del Norte,28,3.5220125786163523
274,200712,2007,12,Asia,15,1.8867924528301887
275,200712,2007,12,Oceanía,7,0.8805031446540881
276,200712,2007,12,Africa,3,0.37735849056603776
277,200801,2008,1,Europa,260,84.9673202614379
278,200801,2008,1,América del Sur,17,5.555555555555555
279,200801,2008,1,Asia,15,4.901960784313726
280,200801,2008,1,América del Norte,11,3.5947712418300655
281,200801,2008,1,Oceanía,3,0.9803921568627451
282,200802,2008,2,Europa,628,89.33143669985775
283,200802,2008,2,América del Sur,36,5.120910384068279
284,200802,2008,2,América del Norte,17,2.418207681365576
285,200802,2008,2,Asia,17,2.418207681365576
286,200802,2008,2,Oceanía,4,0.5689900426742532
287,200802,2008,2,Africa,1,0.1422475106685633
288,200803,2008,3,Europa,4960,93.11056880045054
289,200803,2008,3,América del Norte,177,3.32269570114511
290,200803,2008,3,América del Sur,133,2.4967148488830486
291,200803,2008,3,Asia,35,0.657030223390276
292,200803,2008,3,Africa,11,0.2064952130655153
293,200803,2008,3,Oceanía,11,0.2064952130655153
294,200804,2008,4,Europa,5133,90.88172804532577
295,200804,2008,4,América del Norte,215,3.806657223796034
296,200804,2008,4,América del Sur,118,2.0892351274787537
297,200804,2008,4,Asia,84,1.4872521246458923
298,200804,2008,4,Oceanía,83,1.4695467422096318
299,200804,2008,4,Africa,15,0.26558073654390935
300,200805,2008,5,Europa,14406,90.03187300793701
301,200805,2008,5,América del Norte,802,5.012186738328855
302,200805,2008,5,América del Sur,346,2.162364852196738
303,200805,2008,5,Oceanía,217,1.3561652396725206
304,200805,2008,5,Asia,187,1.1686769576901443
305,200805,2008,5,Africa,43,0.26873320417473906
306,200806,2008,6,Europa,14127,88.82671026156942
307,200806,2008,6,América del Norte,864,5.4325955734406435
308,200806,2008,6,América del Sur,428,2.691146881287726
309,200806,2008,6,Oceanía,212,1.3329979879275653
310,200806,2008,6,Asia,199,1.2512575452716297
311,200806,2008,6,Africa,74,0.46529175050301813
312,200807,2008,7,Europa,19547,92.7893287762271
313,200807,2008,7,América del Norte,863,4.096648628121143
314,200807,2008,7,América del Sur,310,1.4715655558720213
315,200807,2008,7,Asia,189,0.8971802905155226
316,200807,2008,7,Oceanía,108,0.5126744517231558
317,200807,2008,7,Africa,49,0.23260229754106143
318,200808,2008,8,Europa,28965,96.56287505000667
319,200808,2008,8,América del Norte,386,1.2868382450993465
320,200808,2008,8,América del Sur,338,1.1268169089211895
321,200808,2008,8,Asia,233,0.7767702360314709
322,200808,2008,8,Oceanía,53,0.17669022536338178
323,200808,2008,8,Africa,21,0.07000933457794373
324,200809,2008,9,Europa,16011,92.13373230521348
325,200809,2008,9,América del Norte,598,3.4411324663367475
326,200809,2008,9,América del Sur,374,2.1521463919898722
327,200809,2008,9,Oceanía,174,1.0012659684658765
328,200809,2008,9,Asia,164,0.9437219472896766
329,200809,2008,9,Africa,57,0.32800092070433884
330,200810,2008,10,Europa,8303,84.05547681716946
331,200810,2008,10,América del Norte,717,7.258554363231424
332,200810,2008,10,América del Sur,350,3.5432273739623406
333,200810,2008,10,Oceanía,248,2.510629682121887
334,200810,2008,10,Asia,222,2.247418505770399
335,200810,2008,10,Africa,38,0.3846932577444827
336,200811,2008,11,Europa,1859,80.5110437418796
337,200811,2008,11,América del Norte,183,7.925508878302296
338,200811,2008,11,América del Sur,106,4.590731918579472
339,200811,2008,11,Asia,88,3.8111736682546558
340,200811,2008,11,Oceanía,67,2.9016890428757036
341,200811,2008,11,Africa,6,0.25985275010827197
342,200812,2008,12,Europa,997,91.88940092165899
343,200812,2008,12,América del Norte,32,2.9493087557603688
344,200812,2008,12,América del Sur,28,2.5806451612903225
345,200812,2008,12,Asia,22,2.0276497695852536
346,200812,2008,12,Oceanía,6,0.5529953917050692
347,200901,2009,1,Europa,413,78.96749521988528
348,200901,2009,1,Asia,57,10.898661567877628
349,200901,2009,1,América del Sur,36,6.8833652007648185
350,200901,2009,1,América del Norte,15,2.8680688336520075
351,200901,2009,1,Oceanía,2,0.3824091778202677
352,200902,2009,2,Europa,632,90.54441260744986
353,200902,2009,2,América del Norte,22,3.151862464183381
354,200902,2009,2,Asia,20,2.865329512893983
355,200902,2009,2,América del Sur,19,2.7220630372492836
356,200902,2009,2,Oceanía,5,0.7163323782234957
357,200903,2009,3,Europa,1702,92.0
358,200903,2009,3,América del Norte,82,4.4324324324324325
359,200903,2009,3,América del Sur,30,1.6216216216216217
360,200903,2009,3,Asia,26,1.4054054054054055
361,200903,2009,3,Oceanía,7,0.3783783783783784
362,200903,2009,3,Africa,3,0.16216216216216217
363,200904,2009,4,Europa,9560,92.67157813105855
364,200904,2009,4,América del Norte,381,3.6932919736331913
365,200904,2009,4,América del Sur,193,1.8708801861186506
366,200904,2009,4,Asia,89,0.8627374951531601
367,200904,2009,4,Oceanía,74,0.7173322993408298
368,200904,2009,4,Africa,19,0.18417991469561845
369,200905,2009,5,Europa,14884,90.21699599951509
370,200905,2009,5,América del Norte,794,4.81270457025094
371,200905,2009,5,América del Sur,356,2.157837313613771
372,200905,2009,5,Oceanía,220,1.333494969087162
373,200905,2009,5,Asia,209,1.266820220632804
374,200905,2009,5,Africa,35,0.21214692690023032
375,200906,2009,6,Europa,17412,89.9658985222693
376,200906,2009,6,América del Norte,952,4.918879818125452
377,200906,2009,6,América del Sur,423,2.1855947091040613
378,200906,2009,6,Asia,251,1.296889531879715
379,200906,2009,6,Oceanía,227,1.172884158313527
380,200906,2009,6,Africa,89,0.45985326030794665
381,200907,2009,7,Europa,25123,93.91073564593302
382,200907,2009,7,América del Norte,861,3.218450956937799
383,200907,2009,7,América del Sur,368,1.375598086124402
384,200907,2009,7,Asia,241,0.9008672248803827
385,200907,2009,7,Oceanía,107,0.3999700956937799
386,200907,2009,7,Africa,52,0.194377990430622
387,200908,2009,8,Europa,34233,96.30619478984977
388,200908,2009,8,América del Norte,501,1.4094412873459743
389,200908,2009,8,América del Sur,462,1.2997243009058685
390,200908,2009,8,Asia,254,0.714567039891971
391,200908,2009,8,Oceanía,59,0.1659821076914421
392,200908,2009,8,Africa,37,0.10409047431497215
393,200909,2009,9,Europa,18889,91.59191194297628
394,200909,2009,9,América del Norte,842,4.082820152257189
395,200909,2009,9,América del Sur,444,2.152936042282888
396,200909,2009,9,Oceanía,199,0.9649420549871502
397,200909,2009,9,Asia,197,0.9552441448867769
398,200909,2009,9,Africa,52,0.2521456626097076
399,200910,2009,10,Europa,9951,84.82652800272781
400,200910,2009,10,América del Norte,791,6.742818174068707
401,200910,2009,10,América del Sur,392,3.341573608388032
402,200910,2009,10,Asia,315,2.685193078168954
403,200910,2009,10,Oceanía,246,2.0970079277128972
404,200910,2009,10,Africa,36,0.30687920893359477
405,200911,2009,11,Europa,1869,79.43051423714407
406,200911,2009,11,América del Norte,190,8.074798130046748
407,200911,2009,11,Asia,117,4.972375690607735
408,200911,2009,11,América del Sur,111,4.717382065448364
409,200911,2009,11,Oceanía,58,2.4649383765405863
410,200911,2009,11,Africa,8,0.3399915002124947
411,200912,2009,12,Europa,853,84.45544554455445
412,200912,2009,12,Asia,59,5.841584158415841
413,200912,2009,12,América del Norte,39,3.8613861386138613
414,200912,2009,12,América del Sur,37,3.6633663366336635
415,200912,2009,12,Oceanía,19,1.881188118811881
416,200912,2009,12,Africa,3,0.297029702970297
417,201001,2010,1,Europa,1045,87.96296296296296
418,201001,2010,1,Asia,69,5.808080808080808
419,201001,2010,1,América del Sur,40,3.367003367003367
420,201001,2010,1,América del Norte,28,2.356902356902357
421,201001,2010,1,Oceanía,6,0.5050505050505051
422,201002,2010,2,Europa,1493,91.03658536585365
423,201002,2010,2,América del Sur,61,3.7195121951219514
424,201002,2010,2,América del Norte,43,2.6219512195121952
425,201002,2010,2,Asia,37,2.2560975609756095
426,201002,2010,2,Oceanía,5,0.3048780487804878
427,201002,2010,2,Africa,1,0.06097560975609756
428,201003,2010,3,Europa,5552,94.37361890192079
429,201003,2010,3,América del Sur,122,2.07377188509264
430,201003,2010,3,América del Norte,115,1.9547849736528982
431,201003,2010,3,Asia,83,1.410844807071222
432,201003,2010,3,Oceanía,10,0.16998130205677375
433,201003,2010,3,Africa,1,0.016998130205677375
434,201004,2010,4,Europa,18518,94.54229846326645
435,201004,2010,4,América del Sur,413,2.108541379486394
436,201004,2010,4,América del Norte,375,1.9145351508653699
437,201004,2010,4,Asia,163,0.8321846122428141
438,201004,2010,4,Oceanía,95,0.48501557155256037
439,201004,2010,4,Africa,23,0.11742482258640935
440,201005,2010,5,Europa,26615,92.26582541773556
441,201005,2010,5,América del Norte,964,3.3418844900506137
442,201005,2010,5,América del Sur,712,2.4682798308257645
443,201005,2010,5,Asia,269,0.93253830687097
444,201005,2010,5,Oceanía,225,0.7800041600221868
445,201005,2010,5,Africa,61,0.21146779449490397
446,201006,2010,6,Europa,30958,91.71110321128096
447,201006,2010,6,América del Norte,1221,3.6171347316032705
448,201006,2010,6,América del Sur,816,2.417348027017419
449,201006,2010,6,Asia,452,1.3390212110439625
450,201006,2010,6,Oceanía,245,0.7257968953667496
451,201006,2010,6,Africa,64,0.18959592368764072
452,201007,2010,7,Europa,39832,93.79739085385955
453,201007,2010,7,América del Norte,1142,2.6892101916827578
454,201007,2010,7,América del Sur,902,2.1240521829228087
455,201007,2010,7,Asia,341,0.8029953374464277
456,201007,2010,7,Oceanía,168,0.3956106061319644
457,201007,2010,7,Africa,81,0.19074082795648284
458,201008,2010,8,Europa,59328,96.41499008678129
459,201008,2010,8,América del Sur,1074,1.7453765397991354
460,201008,2010,8,América del Norte,640,1.0400754054668964
461,201008,2010,8,Asia,342,0.5557902947963728
462,201008,2010,8,Oceanía,84,0.13650989696753016
463,201008,2010,8,Africa,66,0.10725777618877369
464,201009,2010,9,Europa,34266,92.99283543204515
465,201009,2010,9,América del Sur,1062,2.8821102909248806
466,201009,2010,9,América del Norte,959,2.6025835866261398
467,201009,2010,9,Asia,262,0.711029092488059
468,201009,2010,9,Oceanía,216,0.5861919235779418
469,201009,2010,9,Africa,83,0.22524967433782023
470,201010,2010,10,Europa,23888,89.81126400481239
471,201010,2010,10,América del Norte,1108,4.165726746371908
472,201010,2010,10,América del Sur,893,3.357395292879164
473,201010,2010,10,Asia,399,1.500112790435371
474,201010,2010,10,Oceanía,261,0.9812767877284007
475,201010,2010,10,Africa,49,0.18422437777276487
476,201011,2010,11,Europa,7299,90.39009287925697
477,201011,2010,11,América del Sur,274,3.393188854489164
478,201011,2010,11,América del Norte,234,2.8978328173374615
479,201011,2010,11,Asia,191,2.365325077399381
480,201011,2010,11,Oceanía,62,0.7678018575851393
481,201011,2010,11,Africa,15,0.18575851393188855
482,201012,2010,12,Europa,5674,95.08965979554215
483,201012,2010,12,América del Sur,116,1.9440254734372382
484,201012,2010,12,Asia,84,1.4077425842131726
485,201012,2010,12,América del Norte,83,1.3909837439249204
486,201012,2010,12,Oceanía,7,0.11731188201776437
487,201012,2010,12,Africa,3,0.05027652086475616
488,201101,2011,1,Europa,516,80.12422360248448
489,201101,2011,1,Asia,74,11.490683229813664
490,201101,2011,1,América del Sur,25,3.8819875776397517
491,201101,2011,1,América del Norte,23,3.5714285714285716
492,201101,2011,1,Africa,4,0.6211180124223602
493,201101,2011,1,Oceanía,2,0.3105590062111801
494,201102,2011,2,Europa,689,84.02439024390245
495,201102,2011,2,Asia,66,8.048780487804878
496,201102,2011,2,América del Norte,31,3.7804878048780486
497,201102,2011,2,América del Sur,30,3.658536585365854
498,201102,2011,2,Oceanía,4,0.4878048780487805
499,201103,2011,3,Europa,2736,90.50611974859412
500,201103,2011,3,América del Norte,109,3.6056897122064173
501,201103,2011,3,Asia,93,3.076414158121072
502,201103,2011,3,América del Sur,68,2.2494211048627193
503,201103,2011,3,Oceanía,10,0.33079722130334105
504,201103,2011,3,Africa,7,0.23155805491233875
505,201104,2011,4,Europa,13056,92.24247562526494
506,201104,2011,4,América del Norte,430,3.0380104564080823
507,201104,2011,4,América del Sur,382,2.698883707785785
508,201104,2011,4,Asia,168,1.1869436201780414
509,201104,2011,4,Oceanía,80,0.5652112477038294
510,201104,2011,4,Africa,38,0.26847534265931894
511,201105,2011,5,Europa,17575,88.74021711688968
512,201105,2011,5,América del Norte,977,4.933097702600353
513,201105,2011,5,América del Sur,591,2.984094925523858
514,201105,2011,5,Asia,323,1.6309012875536482
515,201105,2011,5,Oceanía,251,1.2673567280989648
516,201105,2011,5,Africa,88,0.44433223933350163
517,201106,2011,6,Europa,22489,89.10416419034034
518,201106,2011,6,América del Norte,1274,5.047743571456873
519,201106,2011,6,América del Sur,687,2.7219778913586117
520,201106,2011,6,Asia,418,1.6561670430682673
521,201106,2011,6,Oceanía,274,1.085621458853362
522,201106,2011,6,Africa,97,0.3843258449225405
523,201107,2011,7,Europa,28551,92.57181765125478
524,201107,2011,7,América del Norte,1107,3.589261396796576
525,201107,2011,7,América del Sur,541,1.754101549834641
526,201107,2011,7,Asia,402,1.3034174178068867
527,201107,2011,7,Oceanía,157,0.509046105959406
528,201107,2011,7,Africa,84,0.2723558783477077
529,201108,2011,8,Europa,39122,94.29487333992142
530,201108,2011,8,América del Norte,1074,2.5886379522283014
531,201108,2011,8,América del Sur,686,1.6534503121309263
532,201108,2011,8,Asia,434,1.0460604015522186
533,201108,2011,8,Oceanía,111,0.2675407939453831
534,201108,2011,8,Africa,62,0.14943720022174553
535,201109,2011,9,Europa,23679,90.99258348384122
536,201109,2011,9,América del Norte,940,3.612189217230911
537,201109,2011,9,América del Sur,719,2.7629404757330054
538,201109,2011,9,Asia,280,1.0759712561964416
539,201109,2011,9,Oceanía,279,1.0721285017100257
540,201109,2011,9,Africa,126,0.4841870652883987
541,201110,2011,10,Europa,13376,82.34931970695068
542,201110,2011,10,América del Norte,1127,6.938373453179831
543,201110,2011,10,América del Sur,696,4.284922735947793
544,201110,2011,10,Asia,615,3.786246383057317
545,201110,2011,10,Oceanía,345,2.1239918734223973
546,201110,2011,10,Africa,84,0.517145847441975
547,201111,2011,11,Europa,2944,81.98273461431356
548,201111,2011,11,América del Norte,213,5.931495405179616
549,201111,2011,11,Asia,212,5.9036480089111665
550,201111,2011,11,América del Sur,141,3.926482873851295
551,201111,2011,11,Oceanía,74,2.0607073238652185
552,201111,2011,11,Africa,7,0.1949317738791423
553,201112,2011,12,Europa,1332,88.91855807743659
554,201112,2011,12,Asia,67,4.472630173564753
555,201112,2011,12,América del Sur,47,3.137516688918558
556,201112,2011,12,América del Norte,46,3.0707610146862483
557,201112,2011,12,Africa,3,0.20026702269692923
558,201112,2011,12,Oceanía,3,0.20026702269692923
559,201201,2012,1,Europa,646,74.08256880733946
560,201201,2012,1,Asia,115,13.188073394495413
561,201201,2012,1,América del Norte,58,6.651376146788991
562,201201,2012,1,América del Sur,44,5.045871559633028
563,201201,2012,1,Oceanía,8,0.9174311926605505
564,201201,2012,1,Africa,1,0.11467889908256881
565,201202,2012,2,Europa,1123,86.0536398467433
566,201202,2012,2,Asia,73,5.593869731800766
567,201202,2012,2,América del Sur,65,4.980842911877395
568,201202,2012,2,América del Norte,36,2.7586206896551726
569,201202,2012,2,Oceanía,6,0.45977011494252873
570,201202,2012,2,Africa,2,0.1532567049808429
571,201203,2012,3,Europa,2855,87.57668711656441
572,201203,2012,3,América del Norte,174,5.337423312883436
573,201203,2012,3,Asia,106,3.2515337423312882
574,201203,2012,3,América del Sur,78,2.392638036809816
575,201203,2012,3,Oceanía,40,1.2269938650306749
576,201203,2012,3,Africa,7,0.2147239263803681
577,201204,2012,4,Europa,13191,89.43657197098108
578,201204,2012,4,América del Norte,668,4.529120618347006
579,201204,2012,4,América del Sur,389,2.637466946911655
580,201204,2012,4,Asia,315,2.135738016136687
581,201204,2012,4,Oceanía,113,0.7661536375347481
582,201204,2012,4,Africa,73,0.4949488100888196
583,201205,2012,5,Europa,18575,85.30033063923585
584,201205,2012,5,América del Norte,1533,7.039860396767083
585,201205,2012,5,América del Sur,747,3.430382072005878
586,201205,2012,5,Asia,434,1.9930198383541513
587,201205,2012,5,Oceanía,368,1.6899338721528288
588,201205,2012,5,Africa,119,0.5464731814842028
589,201206,2012,6,Europa,21790,85.394051024807
590,201206,2012,6,América del Norte,1871,7.332366657522436
591,201206,2012,6,América del Sur,744,2.915703256652428
592,201206,2012,6,Asia,612,2.3984010659560293
593,201206,2012,6,Oceanía,358,1.4029862444644747
594,201206,2012,6,Africa,142,0.5564917505976408
595,201207,2012,7,Europa,29626,90.27363032482174
596,201207,2012,7,América del Norte,1741,5.305015540252301
597,201207,2012,7,América del Sur,572,1.7429459442988604
598,201207,2012,7,Asia,499,1.5205070388201596
599,201207,2012,7,Oceanía,228,0.6947406910841611
600,201207,2012,7,Africa,152,0.4631604607227741
601,201208,2012,8,Europa,38788,94.38388164298229
602,201208,2012,8,América del Norte,899,2.1875608331711116
603,201208,2012,8,América del Sur,631,1.535429238855363
604,201208,2012,8,Asia,546,1.3285964570761144
605,201208,2012,8,Oceanía,160,0.3893322951138797
606,201208,2012,8,Africa,72,0.17519953280124587
607,201209,2012,9,Europa,23828,87.21496284909044
608,201209,2012,9,América del Norte,1654,6.053951173090296
609,201209,2012,9,América del Sur,904,3.3088100728377436
610,201209,2012,9,Asia,457,1.6727059770872224
611,201209,2012,9,Oceanía,355,1.2993667874528751
612,201209,2012,9,Africa,123,0.4502031404414187
613,201210,2012,10,Europa,14175,78.35387761870544
614,201210,2012,10,América del Norte,2049,11.326073738322924
615,201210,2012,10,América del Sur,658,3.637167652423857
616,201210,2012,10,Asia,585,3.2336520922005416
617,201210,2012,10,Oceanía,508,2.808026090321154
618,201210,2012,10,Africa,116,0.6412028080260903
619,201211,2012,11,Europa,3236,77.60191846522781
620,201211,2012,11,América del Norte,393,9.424460431654676
621,201211,2012,11,Asia,277,6.642685851318944
622,201211,2012,11,América del Sur,158,3.788968824940048
623,201211,2012,11,Oceanía,94,2.2541966426858515
624,201211,2012,11,Africa,12,0.28776978417266186
625,201212,2012,12,Europa,1240,83.61429534726905
626,201212,2012,12,Asia,107,7.215104517869184
627,201212,2012,12,América del Norte,68,4.585300067430883
628,201212,2012,12,América del Sur,41,2.7646662171274445
629,201212,2012,12,Oceanía,22,1.4834794335805799
630,201212,2012,12,Africa,5,0.33715441672285906
631,201301,2013,1,Europa,566,70.22332506203475
632,201301,2013,1,Asia,140,17.3697270471464
633,201301,2013,1,América del Sur,39,4.838709677419355
634,201301,2013,1,América del Norte,37,4.590570719602978
635,201301,2013,1,Oceanía,19,2.357320099255583
636,201301,2013,1,Africa,5,0.6203473945409429
637,201302,2013,2,Europa,1154,83.50217076700434
638,201302,2013,2,Asia,114,8.24891461649783
639,201302,2013,2,América del Norte,54,3.907380607814761
640,201302,2013,2,América del Sur,47,3.4008683068017365
641,201302,2013,2,Oceanía,8,0.5788712011577424
642,201302,2013,2,Africa,5,0.361794500723589
643,201303,2013,3,Europa,6430,88.95960154952961
644,201303,2013,3,América del Norte,328,4.537908135030437
645,201303,2013,3,América del Sur,220,3.0437188710570005
646,201303,2013,3,Asia,204,2.8223574986164914
647,201303,2013,3,Oceanía,34,0.4703929164360819
648,201303,2013,3,Africa,12,0.16602102933038185
649,201304,2013,4,Europa,9836,85.29309746791536
650,201304,2013,4,América del Norte,814,7.058619493583073
651,201304,2013,4,América del Sur,370,3.208463406174124
652,201304,2013,4,Asia,276,2.393340270551509
653,201304,2013,4,Oceanía,195,1.6909469302809574
654,201304,2013,4,Africa,41,0.3555324314949705
655,201305,2013,5,Europa,20701,82.13052965681412
656,201305,2013,5,América del Norte,2216,8.79190636778417
657,201305,2013,5,América del Sur,970,3.848442769291807
658,201305,2013,5,Oceanía,606,2.404284864114263
659,201305,2013,5,Asia,581,2.3050981948026186
660,201305,2013,5,Africa,131,0.5197381471930173
661,201306,2013,6,Europa,23952,81.54149928508204
662,201306,2013,6,América del Norte,2949,10.039490706066589
663,201306,2013,6,América del Sur,1018,3.4656498944644922
664,201306,2013,6,Asia,689,2.345611765506911
665,201306,2013,6,Oceanía,576,1.9609178184789269
666,201306,2013,6,Africa,190,0.6468305304010349
667,201307,2013,7,Europa,32591,89.14631144177905
668,201307,2013,7,América del Norte,2200,6.017670067562023
669,201307,2013,7,América del Sur,731,1.9995076451762903
670,201307,2013,7,Asia,571,1.5618589129899614
671,201307,2013,7,Oceanía,339,0.9272682513197844
672,201307,2013,7,Africa,127,0.3473836811728986
673,201308,2013,8,Europa,44124,94.4313658348671
674,201308,2013,8,América del Norte,952,2.0374095792492404
675,201308,2013,8,América del Sur,726,1.5537388177888114
676,201308,2013,8,Asia,646,1.3825279287762702
677,201308,2013,8,Oceanía,197,0.4216068141933827
678,201308,2013,8,Africa,81,0.17335102512519796
679,201309,2013,9,Europa,26522,85.84838479963747
680,201309,2013,9,América del Norte,2128,6.888068880688807
681,201309,2013,9,América del Sur,970,3.139768239787661
682,201309,2013,9,Oceanía,671,2.1719427720592996
683,201309,2013,9,Asia,467,1.5116203793616882
684,201309,2013,9,Africa,136,0.44021492846507415
685,201310,2013,10,Europa,14625,74.59070740041822
686,201310,2013,10,América del Norte,2608,13.301371958994237
687,201310,2013,10,América del Sur,817,4.16687917580456
688,201310,2013,10,Oceanía,808,4.120977202019687
689,201310,2013,10,Asia,644,3.284541235273117
690,201310,2013,10,Africa,105,0.5355230274901821
691,201311,2013,11,Europa,3626,73.8944365192582
692,201311,2013,11,América del Norte,435,8.864886896270633
693,201311,2013,11,Asia,387,7.886692480130426
694,201311,2013,11,América del Sur,293,5.971061748522519
695,201311,2013,11,Oceanía,146,2.9753413490931324
696,201311,2013,11,Africa,20,0.4075810067250866
697,201312,2013,12,Europa,1373,82.76069921639542
698,201312,2013,12,Asia,124,7.4743821579264615
699,201312,2013,12,América del Norte,76,4.5810729355033155
700,201312,2013,12,América del Sur,60,3.616636528028933
701,201312,2013,12,Oceanía,25,1.506931886678722
702,201312,2013,12,Africa,1,0.06027727546714889
703,201401,2014,1,Europa,634,69.97792494481236
704,201401,2014,1,Asia,145,16.004415011037526
705,201401,2014,1,América del Norte,57,6.291390728476821
706,201401,2014,1,América del Sur,52,5.739514348785872
707,201401,2014,1,Oceanía,16,1.7660044150110374
708,201401,2014,1,Africa,2,0.22075055187637968
709,201402,2014,2,Europa,757,78.04123711340206
710,201402,2014,2,Asia,137,14.123711340206185
711,201402,2014,2,América del Norte,30,3.0927835051546393
712,201402,2014,2,América del Sur,26,2.6804123711340204
713,201402,2014,2,Oceanía,18,1.8556701030927836
714,201402,2014,2,Africa,2,0.20618556701030927
715,201403,2014,3,Europa,2654,84.25396825396825
716,201403,2014,3,América del Norte,202,6.412698412698413
717,201403,2014,3,América del Sur,150,4.761904761904762
718,201403,2014,3,Asia,120,3.8095238095238093
719,201403,2014,3,Oceanía,21,0.6666666666666666
720,201403,2014,3,Africa,3,0.09523809523809523
721,201404,2014,4,Europa,15051,86.76428200841644
722,201404,2014,4,América del Norte,923,5.320804750100882
723,201404,2014,4,América del Sur,557,3.210929843777022
724,201404,2014,4,Asia,482,2.778578428546723
725,201404,2014,4,Oceanía,277,1.596817893583905
726,201404,2014,4,Africa,57,0.32858707557502737
727,201405,2014,5,Europa,22112,80.83644073992835
728,201405,2014,5,América del Norte,2511,9.179644658916429
729,201405,2014,5,América del Sur,1149,4.200482561965344
730,201405,2014,5,Asia,743,2.716238941288294
731,201405,2014,5,Oceanía,726,2.6540908093880238
732,201405,2014,5,Africa,113,0.4131022885135629
733,201406,2014,6,Europa,26843,81.29069380091457
734,201406,2014,6,América del Norte,3340,10.114775445928348
735,201406,2014,6,América del Sur,959,2.904212470851882
736,201406,2014,6,Asia,889,2.6922261591108687
737,201406,2014,6,Oceanía,840,2.5438357408921597
738,201406,2014,6,Africa,150,0.45425638230217136
739,201407,2014,7,Europa,34881,88.12561582577499
740,201407,2014,7,América del Norte,2625,6.631969884540562
741,201407,2014,7,América del Sur,810,2.0464364215153736
742,201407,2014,7,Asia,750,1.8948485384401608
743,201407,2014,7,Oceanía,409,1.0333240696293677
744,201407,2014,7,Africa,106,0.2678052600995427
745,201408,2014,8,Europa,48202,94.11144519504862
746,201408,2014,8,América del Norte,1187,2.317544613221914
747,201408,2014,8,América del Sur,775,1.5131399117497755
748,201408,2014,8,Asia,720,1.4057557889804366
749,201408,2014,8,Oceanía,253,0.49396696473895896
750,201408,2014,8,Africa,81,0.15814752626029913
751,201409,2014,9,Europa,28819,83.63757727022086
752,201409,2014,9,América del Norte,2607,7.565951765969179
753,201409,2014,9,América del Sur,1463,4.245871666134603
754,201409,2014,9,Oceanía,758,2.1998432829323504
755,201409,2014,9,Asia,683,1.982180688974664
756,201409,2014,9,Africa,127,0.36857532576834895
757,201410,2014,10,Europa,17253,74.35035552682612
758,201410,2014,10,América del Norte,2938,12.661064425770308
759,201410,2014,10,Asia,1063,4.5809092867916394
760,201410,2014,10,Oceanía,914,3.9388062917474684
761,201410,2014,10,América del Sur,910,3.9215686274509802
762,201410,2014,10,Africa,127,0.5472958414134885
763,201411,2014,11,Europa,3470,72.24651259629398
764,201411,2014,11,América del Norte,510,10.618363522798251
765,201411,2014,11,Asia,445,9.265042681657297
766,201411,2014,11,América del Sur,197,4.101603164688736
767,201411,2014,11,Oceanía,167,3.4769935457006036
768,201411,2014,11,Africa,14,0.2914844888611285
769,201412,2014,12,Europa,1518,81.17647058823529
770,201412,2014,12,Asia,153,8.181818181818182
771,201412,2014,12,América del Norte,100,5.347593582887701
772,201412,2014,12,América del Sur,71,3.7967914438502675
773,201412,2014,12,Oceanía,24,1.2834224598930482
774,201412,2014,12,Africa,4,0.21390374331550802
775,201501,2015,1,Europa,837,68.77567789646672
776,201501,2015,1,Asia,229,18.816762530813477
777,201501,2015,1,América del Norte,79,6.491372226787181
778,201501,2015,1,América del Sur,59,4.847986852917009
779,201501,2015,1,Oceanía,11,0.903861955628595
780,201501,2015,1,Africa,2,0.16433853738701726
781,201502,2015,2,Europa,1224,79.27461139896373
782,201502,2015,2,Asia,184,11.917098445595855
783,201502,2015,2,América del Norte,66,4.274611398963731
784,201502,2015,2,América del Sur,59,3.821243523316062
785,201502,2015,2,Oceanía,6,0.38860103626943004
786,201502,2015,2,Africa,5,0.3238341968911917
787,201503,2015,3,Europa,4403,86.6732283464567
788,201503,2015,3,América del Norte,276,5.433070866141732
789,201503,2015,3,Asia,213,4.192913385826771
790,201503,2015,3,América del Sur,144,2.8346456692913384
791,201503,2015,3,Oceanía,38,0.7480314960629921
792,201503,2015,3,Africa,6,0.11811023622047244
793,201504,2015,4,Europa,15113,85.28299757350037
794,201504,2015,4,América del Norte,1034,5.834885164494103
795,201504,2015,4,Asia,596,3.363241352068168
796,201504,2015,4,América del Sur,587,3.3124541504429774
797,201504,2015,4,Oceanía,285,1.6082613847976976
798,201504,2015,4,Africa,106,0.5981603746966876
799,201505,2015,5,Europa,24848,79.9588106577423
800,201505,2015,5,América del Norte,2895,9.315870768438666
801,201505,2015,5,América del Sur,1495,4.810786459003733
802,201505,2015,5,Asia,941,3.028060239413052
803,201505,2015,5,Oceanía,769,2.4745784528253316
804,201505,2015,5,Africa,128,0.41189342257690825
805,201506,2015,6,Europa,28542,79.45327506054616
806,201506,2015,6,América del Norte,4029,11.2156557080422
807,201506,2015,6,América del Sur,1425,3.9668179160983215
808,201506,2015,6,Asia,906,2.5220610750772487
809,201506,2015,6,Oceanía,811,2.2576065473373603
810,201506,2015,6,Africa,210,0.5845836928987
811,201507,2015,7,Europa,39503,88.18815019868732
812,201507,2015,7,América del Norte,2839,6.337902397642542
813,201507,2015,7,América del Sur,1026,2.290485332857079
814,201507,2015,7,Asia,857,1.9132026610706792
815,201507,2015,7,Oceanía,441,0.9845068535964638
816,201507,2015,7,Africa,128,0.2857525561459124
817,201508,2015,8,Europa,51627,94.22017009161587
818,201508,2015,8,América del Norte,1163,2.122495163704055
819,201508,2015,8,América del Sur,880,1.6060152571449429
820,201508,2015,8,Asia,800,1.4600138701317662
821,201508,2015,8,Oceanía,263,0.47997955980581813
822,201508,2015,8,Africa,61,0.11132605759754717
823,201509,2015,9,Europa,31174,83.28835929359587
824,201509,2015,9,América del Norte,3062,8.180822356995913
825,201509,2015,9,América del Sur,1363,3.6415613561676774
826,201509,2015,9,Oceanía,836,2.23356221111972
827,201509,2015,9,Asia,791,2.113334580138395
828,201509,2015,9,Africa,203,0.5423602019824201
829,201510,2015,10,Europa,18538,72.4820143884892
830,201510,2015,10,América del Norte,3769,14.736471692211449
831,201510,2015,10,América del Sur,1184,4.629340006255865
832,201510,2015,10,Asia,1079,4.218798873944323
833,201510,2015,10,Oceanía,896,3.5032843290584923
834,201510,2015,10,Africa,110,0.4300907100406631
835,201511,2015,11,Europa,3815,72.9724560061209
836,201511,2015,11,América del Norte,569,10.883703136954859
837,201511,2015,11,Asia,431,8.24407039020658
838,201511,2015,11,América del Sur,232,4.437643458301454
839,201511,2015,11,Oceanía,168,3.2134659525631215
840,201511,2015,11,Africa,13,0.2486610558530987
841,201512,2015,12,Europa,1653,80.16488845780795
842,201512,2015,12,Asia,188,9.117361784675072
843,201512,2015,12,América del Norte,110,5.33462657613967
844,201512,2015,12,América del Sur,77,3.734238603297769
845,201512,2015,12,Oceanía,29,1.4064015518913675
846,201512,2015,12,Africa,5,0.24248302618816683
847,201601,2016,1,Europa,911,69.86196319018404
848,201601,2016,1,Asia,212,16.257668711656443
849,201601,2016,1,América del Sur,90,6.901840490797546
850,201601,2016,1,América del Norte,66,5.061349693251533
851,201601,2016,1,Oceanía,18,1.3803680981595092
852,201601,2016,1,Africa,7,0.5368098159509203
853,201602,2016,2,Europa,1291,74.49509521061742
854,201602,2016,2,Asia,303,17.48413156376226
855,201602,2016,2,América del Norte,64,3.693017888055395
856,201602,2016,2,América del Sur,63,3.63531448355453
857,201602,2016,2,Oceanía,9,0.51933064050779
858,201602,2016,2,Africa,3,0.17311021350259664
859,201603,2016,3,Europa,9789,88.45215505557061
860,201603,2016,3,América del Norte,468,4.228788289509352
861,201603,2016,3,América del Sur,411,3.7137435619409054
862,201603,2016,3,Asia,312,2.8191921930062347
863,201603,2016,3,Oceanía,57,0.5150447275684468
864,201603,2016,3,Africa,30,0.27107617240444565
865,201604,2016,4,Europa,12586,83.35099337748345
866,201604,2016,4,América del Norte,996,6.596026490066225
867,201604,2016,4,Asia,654,4.33112582781457
868,201604,2016,4,América del Sur,573,3.794701986754967
869,201604,2016,4,Oceanía,245,1.6225165562913908
870,201604,2016,4,Africa,46,0.304635761589404
871,201605,2016,5,Europa,25390,77.46521845252624
872,201605,2016,5,América del Norte,3335,10.175128142543324
873,201605,2016,5,América del Sur,1716,5.2355381986819625
874,201605,2016,5,Asia,1172,3.5757871613375642
875,201605,2016,5,Oceanía,1030,3.1425433243836953
876,201605,2016,5,Africa,133,0.40578472052721504
877,201606,2016,6,Europa,30783,78.78935244433069
878,201606,2016,6,América del Norte,4345,11.12106475556693
879,201606,2016,6,América del Sur,1676,4.289736370616842
880,201606,2016,6,Asia,1148,2.938315843358075
881,201606,2016,6,Oceanía,962,2.4622472485282825
882,201606,2016,6,Africa,156,0.39928333759918094
883,201607,2016,7,Europa,39630,87.15445008906775
884,201607,2016,7,América del Norte,3299,7.255173627146973
885,201607,2016,7,América del Sur,1110,2.4411163158936464
886,201607,2016,7,Asia,855,1.8803193244045655
887,201607,2016,7,Oceanía,444,0.9764465263574587
888,201607,2016,7,Africa,133,0.2924941171295991
889,201608,2016,8,Europa,50205,93.48465663637718
890,201608,2016,8,América del Norte,1337,2.489572471324296
891,201608,2016,8,América del Sur,944,1.7577834053329362
892,201608,2016,8,Asia,840,1.5641293013555788
893,201608,2016,8,Oceanía,316,0.588410546700432
894,201608,2016,8,Africa,62,0.11544763890957843
895,201609,2016,9,Europa,32869,81.8675434008319
896,201609,2016,9,América del Norte,3612,8.996488081894942
897,201609,2016,9,América del Sur,1784,4.443448155620314
898,201609,2016,9,Oceanía,944,2.3512416249470722
899,201609,2016,9,Asia,801,1.9950683703205558
900,201609,2016,9,Africa,139,0.3462103663852151
901,201610,2016,10,Europa,20027,70.96236978243923
902,201610,2016,10,América del Norte,3978,14.09538657784707
903,201610,2016,10,América del Sur,1677,5.942172773013961
904,201610,2016,10,Asia,1414,5.01027567146198
905,201610,2016,10,Oceanía,996,3.529161646942102
906,201610,2016,10,Africa,130,0.4606335482956559
907,201611,2016,11,Europa,4670,73.03722239599625
908,201611,2016,11,América del Norte,594,9.289959336878324
909,201611,2016,11,Asia,548,8.570534876446668
910,201611,2016,11,América del Sur,397,6.208945886768846
911,201611,2016,11,Oceanía,169,2.6431029089771663
912,201611,2016,11,Africa,16,0.25023459493274947
913,201612,2016,12,Europa,2221,77.54888268156425
914,201612,2016,12,América del Sur,286,9.986033519553073
915,201612,2016,12,Asia,226,7.891061452513966
916,201612,2016,12,América del Norte,92,3.212290502793296
917,201612,2016,12,Oceanía,31,1.0824022346368716
918,201612,2016,12,Africa,8,0.27932960893854747
919,201701,2017,1,Europa,934,68.9807976366322
920,201701,2017,1,Asia,246,18.168389955686855
921,201701,2017,1,América del Norte,78,5.760709010339734
922,201701,2017,1,América del Sur,68,5.022156573116692
923,201701,2017,1,Oceanía,23,1.6986706056129985
924,201701,2017,1,Africa,5,0.36927621861152143
925,201702,2017,2,Europa,1199,70.69575471698113
926,201702,2017,2,Asia,298,17.57075471698113
927,201702,2017,2,América del Sur,103,6.07311320754717
928,201702,2017,2,América del Norte,80,4.716981132075472
929,201702,2017,2,Oceanía,16,0.9433962264150944
930,201703,2017,3,Europa,4313,83.32689335394127
931,201703,2017,3,América del Norte,365,7.051777434312211
932,201703,2017,3,Asia,252,4.868624420401854
933,201703,2017,3,América del Sur,197,3.8060278207109737
934,201703,2017,3,Oceanía,38,0.7341576506955177
935,201703,2017,3,Africa,11,0.2125193199381762
936,201704,2017,4,Europa,23146,85.96471680594243
937,201704,2017,4,América del Norte,1501,5.574744661095636
938,201704,2017,4,América del Sur,1066,3.959145775301764
939,201704,2017,4,Asia,756,2.8077994428969357
940,201704,2017,4,Oceanía,333,1.2367688022284122
941,201704,2017,4,Africa,123,0.4568245125348189
942,201705,2017,5,Europa,26467,74.87764166690242
943,201705,2017,5,América del Norte,3910,11.061759130902198
944,201705,2017,5,América del Sur,2293,6.48711347497666
945,201705,2017,5,Asia,1409,3.986194019294424
946,201705,2017,5,Oceanía,1080,3.0554219594307863
947,201705,2017,5,Africa,188,0.5318697484935072
948,201706,2017,6,Europa,31602,75.93166582570461
949,201706,2017,6,América del Norte,5185,12.458252240563205
950,201706,2017,6,América del Sur,2213,5.3172829717196475
951,201706,2017,6,Asia,1275,3.063504649318821
952,201706,2017,6,Oceanía,1087,2.61178788534083
953,201706,2017,6,Africa,257,0.6175064273528917
954,201707,2017,7,Europa,41010,86.3914050979566
955,201707,2017,7,América del Norte,3465,7.299346955972193
956,201707,2017,7,América del Sur,1143,2.4078365283336844
957,201707,2017,7,Asia,1118,2.355171687381504
958,201707,2017,7,Oceanía,522,1.0996418790815252
959,201707,2017,7,Africa,212,0.44659785127448914
960,201708,2017,8,Europa,53468,92.69764216366158
961,201708,2017,8,América del Norte,1717,2.9767683772538143
962,201708,2017,8,América del Sur,1061,1.8394590846047156
963,201708,2017,8,Asia,1030,1.7857142857142858
964,201708,2017,8,Oceanía,277,0.4802357836338419
965,201708,2017,8,Africa,127,0.22018030513176146
966,201709,2017,9,Europa,34073,80.76275806489843
967,201709,2017,9,América del Norte,3865,9.161155751499207
968,201709,2017,9,América del Sur,2111,5.003673943444974
969,201709,2017,9,Oceanía,984,2.3323615160349855
970,201709,2017,9,Asia,968,2.2944369385384817
971,201709,2017,9,Africa,188,0.44561378558391995
972,201710,2017,10,Europa,22067,70.40936792061517
973,201710,2017,10,América del Norte,4639,14.8016974570052
974,201710,2017,10,América del Sur,1838,5.864522510449571
975,201710,2017,10,Asia,1491,4.757346606681344
976,201710,2017,10,Oceanía,1153,3.67888708082065
977,201710,2017,10,Africa,153,0.48817842442806547
978,201711,2017,11,Europa,5385,73.30520010890281
979,201711,2017,11,América del Norte,675,9.18867410835829
980,201711,2017,11,Asia,670,9.120609855703785
981,201711,2017,11,América del Sur,437,5.948815682003811
982,201711,2017,11,Oceanía,157,2.137217533351484
983,201711,2017,11,Africa,22,0.29948271167982576
984,201712,2017,12,Europa,2316,80.05530591081921
985,201712,2017,12,Asia,240,8.29588662288282
986,201712,2017,12,América del Norte,138,4.770134808157622
987,201712,2017,12,América del Sur,129,4.459039059799516
988,201712,2017,12,Oceanía,68,2.350501209816799
989,201712,2017,12,Africa,2,0.06913238852402351
990,201801,2018,1,Europa,1113,68.4081130915796
991,201801,2018,1,Asia,257,15.795943454210203
992,201801,2018,1,América del Sur,141,8.666256914566688
993,201801,2018,1,América del Norte,87,5.347264904732636
994,201801,2018,1,Oceanía,27,1.659496004917025
995,201801,2018,1,África,2,0.12292562999385372
996,201802,2018,2,Europa,1646,75.4699679046309
997,201802,2018,2,Asia,285,13.067400275103164
998,201802,2018,2,América del Sur,138,6.327372764786795
999,201802,2018,2,América del Norte,82,3.759743237047226
1000,201802,2018,2,África,16,0.7336084364970197
1001,201802,2018,2,Oceanía,14,0.6419073819348923
1002,201803,2018,3,Europa,9609,86.91208393632417
1003,201803,2018,3,América del Norte,638,5.770622286541244
1004,201803,2018,3,América del Sur,401,3.6269898697539795
1005,201803,2018,3,Asia,304,2.7496382054992763
1006,201803,2018,3,Oceanía,74,0.6693198263386396
1007,201803,2018,3,África,30,0.27134587554269174
1008,201804,2018,4,Europa,18213,82.53126699293094
1009,201804,2018,4,América del Norte,1540,6.978430306325902
1010,201804,2018,4,América del Sur,1001,4.535979699111836
1011,201804,2018,4,Asia,773,3.5028094979155338
1012,201804,2018,4,Oceanía,405,1.8352365415986949
1013,201804,2018,4,África,136,0.6162769621170926
1014,201805,2018,5,Europa,30602,75.25390384851838
1015,201805,2018,5,América del Norte,4342,10.677486782245174
1016,201805,2018,5,América del Sur,2680,6.590434034181729
1017,201805,2018,5,Asia,1689,4.153448911840649
1018,201805,2018,5,Oceanía,1078,2.6509283167342925
1019,201805,2018,5,Resto,274,0.6737981064797738
1020,201806,2018,6,Europa,34943,76.48681186385028
1021,201806,2018,6,América del Norte,5388,11.793805406588596
1022,201806,2018,6,América del Sur,2231,4.8834409543613875
1023,201806,2018,6,Asia,1755,3.8415234759767976
1024,201806,2018,6,Oceanía,1109,2.427492612454854
1025,201806,2018,6,África,259,0.5669256867680859
1026,201807,2018,7,Europa,44197,86.88737295299507
1027,201807,2018,7,América del Norte,3482,6.845302455422965
1028,201807,2018,7,América del Sur,1293,2.5419230542394873
1029,201807,2018,7,Asia,1079,2.1212180785184893
1030,201807,2018,7,Oceanía,514,1.010478306170995
1031,201807,2018,7,África,302,0.5937051526529971
1032,201808,2018,8,Europa,55714,92.21881982951254
1033,201808,2018,8,América del Norte,1750,2.8966316312174127
1034,201808,2018,8,América del Sur,1391,2.3024083422990977
1035,201808,2018,8,Asia,1094,1.8108085740296285
1036,201808,2018,8,Oceanía,286,0.47339236944467433
1037,201808,2018,8,África,180,0.2979392534966482
1038,201809,2018,9,Europa,37204,79.14734289239672
1039,201809,2018,9,América del Norte,4505,9.583882908564863
1040,201809,2018,9,América del Sur,2627,5.588648257669234
1041,201809,2018,9,Oceanía,1144,2.4337318640173593
1042,201809,2018,9,Asia,1117,2.376292388205761
1043,201809,2018,9,África,409,0.8701016891460664
1044,201810,2018,10,Europa,25496,71.6139542722319
1045,201810,2018,10,América del Norte,4803,13.490815122745913
1046,201810,2018,10,América del Sur,1911,5.367675973259929
1047,201810,2018,10,Asia,1852,5.201954946351329
1048,201810,2018,10,Oceanía,1267,3.558788832088085
1049,201810,2018,10,África,273,0.766810853322847
1050,201811,2018,11,Europa,5507,71.97751927852568
1051,201811,2018,11,Asia,724,9.462815318259052
1052,201811,2018,11,América del Norte,701,9.162201019474578
1053,201811,2018,11,América del Sur,477,6.234479153051889
1054,201811,2018,11,Oceanía,219,2.862370931904326
1055,201811,2018,11,África,23,0.3006142987844726
1056,201812,2018,12,Europa,1872,73.32549941245594
1057,201812,2018,12,Asia,303,11.868390129259694
1058,201812,2018,12,América del Norte,199,7.794751273012142
1059,201812,2018,12,América del Sur,126,4.9353701527614575
1060,201812,2018,12,Oceanía,44,1.7234625930278105
1061,201812,2018,12,África,9,0.3525264394829612
1062,201901,2019,1,Europa,1125,68.14052089642641
1063,201901,2019,1,Asia,269,16.293155663234405
1064,201901,2019,1,América del Sur,123,7.450030284675954
1065,201901,2019,1,América del Norte,105,6.359781950333131
1066,201901,2019,1,Oceanía,27,1.6353725015142337
1067,201901,2019,1,África,2,0.12113870381586916
1068,201902,2019,2,Europa,1535,72.43983010854177
1069,201902,2019,2,Asia,359,16.941953751769702
1070,201902,2019,2,América del Sur,106,5.002359603586598
1071,201902,2019,2,América del Norte,99,4.6720151014629545
1072,201902,2019,2,Oceanía,17,0.8022652194431336
1073,201902,2019,2,África,3,0.1415762151958471
1074,201903,2019,3,Europa,6215,83.15493711533315
1075,201903,2019,3,América del Norte,543,7.265185978057265
1076,201903,2019,3,América del Sur,311,4.161091784854161
1077,201903,2019,3,Asia,307,4.107572919454108
1078,201903,2019,3,Oceanía,63,0.8429221300508429
1079,201903,2019,3,África,35,0.4682900722504683
1080,201904,2019,4,Europa,26875,84.72038333018095
1081,201904,2019,4,América del Norte,1854,5.844524304898808
1082,201904,2019,4,América del Sur,1381,4.353445558287624
1083,201904,2019,4,Asia,999,3.1492339701153775
1084,201904,2019,4,Oceanía,441,1.3902023832040855
1085,201904,2019,4,África,172,0.5422104533131581
1086,201905,2019,5,Europa,34991,74.9705397124676
1087,201905,2019,5,América del Norte,5155,11.044929616694876
1088,201905,2019,5,América del Sur,2713,5.812782550939516
1089,201905,2019,5,Asia,2288,4.902191845392411
1090,201905,2019,5,Oceanía,1195,2.560366807361858
1091,201905,2019,5,África,331,0.7091894671437448
1092,201906,2019,6,Europa,37020,75.46169839781483
1093,201906,2019,6,América del Norte,5731,11.682090586652533
1094,201906,2019,6,América del Sur,2662,5.4262301765257455
1095,201906,2019,6,Asia,2139,4.360145134330792
1096,201906,2019,6,Oceanía,1108,2.2585511027763054
1097,201906,2019,6,África,398,0.8112846018997921
1098,201907,2019,7,Europa,45856,86.00311333670923
1099,201907,2019,7,América del Norte,3653,6.8512162643710495
1100,201907,2019,7,Asia,1570,2.9445413454865994
1101,201907,2019,7,América del Sur,1398,2.6219546503122713
1102,201907,2019,7,Oceanía,564,1.0577842795251224
1103,201907,2019,7,África,278,0.5213901235957163
1104,201908,2019,8,Europa,57507,91.55124653739612
1105,201908,2019,8,América del Norte,1932,3.075747444837138
1106,201908,2019,8,Asia,1502,2.3911866781290794
1107,201908,2019,8,América del Sur,1321,2.103034355398478
1108,201908,2019,8,Oceanía,319,0.5078485687903971
1109,201908,2019,8,África,233,0.3709364154487853
1110,201909,2019,9,Europa,34940,76.53385319694215
1111,201909,2019,9,América del Norte,5068,11.101132455698421
1112,201909,2019,9,América del Sur,2443,5.351236501434736
1113,201909,2019,9,Asia,1529,3.349177491073971
1114,201909,2019,9,Oceanía,1154,2.527763783322016
1115,201909,2019,9,África,519,1.1368365715287057
1116,201910,2019,10,Europa,24871,68.86040201561548
1117,201910,2019,10,América del Norte,5372,14.873470291821253
1118,201910,2019,10,Asia,2505,6.935599977850379
1119,201910,2019,10,América del Sur,1972,5.45988149952932
1120,201910,2019,10,Oceanía,1103,3.0538789523229415
1121,201910,2019,10,África,295,0.8167672628606235
1122,201911,2019,11,Europa,5617,67.88735798888084
1123,201911,2019,11,Asia,1058,12.787043751510756
1124,201911,2019,11,América del Norte,740,8.943678994440416
1125,201911,2019,11,América del Sur,597,7.215373459028282
1126,201911,2019,11,Oceanía,212,2.5622431713802274
1127,201911,2019,11,África,50,0.6043026347594875
1128,201912,2019,12,Europa,1938,71.5129151291513
1129,201912,2019,12,Asia,414,15.276752767527675
1130,201912,2019,12,América del Sur,143,5.276752767527675
1131,201912,2019,12,América del Norte,138,5.092250922509225
1132,201912,2019,12,Oceanía,56,2.066420664206642
1133,201912,2019,12,África,21,0.7749077490774908
1134,202001,2020,1,Europa,1248,62.3688155922039
1135,202001,2020,1,Asia,440,21.989005497251373
1136,202001,2020,1,América del Sur,148,7.396301849075463
1137,202001,2020,1,América del Norte,116,5.797101449275362
1138,202001,2020,1,Oceanía,44,2.1989005497251375
1139,202001,2020,1,África,5,0.24987506246876562
1140,202002,2020,2,Europa,2325,75.5851755526658
1141,202002,2020,2,Asia,442,14.369310793237972
1142,202002,2020,2,América del Norte,155,5.039011703511053
1143,202002,2020,2,América del Sur,127,4.128738621586476
1144,202002,2020,2,Oceanía,18,0.5851755526657998
1145,202002,2020,2,África,9,0.2925877763328999
1146,202003,2020,3,Europa,1586,81.41683778234086
1147,202003,2020,3,América del Norte,129,6.62217659137577
1148,202003,2020,3,Asia,124,6.365503080082136
1149,202003,2020,3,América del Sur,92,4.722792607802875
1150,202003,2020,3,Oceanía,15,0.7700205338809035
1151,202003,2020,3,África,2,0.1026694045174538
1152,202006,2020,6,Europa,12,100.0
1153,202007,2020,7,Europa,9455,96.95447087776866
1154,202007,2020,7,América del Sur,173,1.7739950779327318
1155,202007,2020,7,América del Norte,66,0.6767842493847416
1156,202007,2020,7,Asia,42,0.4306808859721083
1157,202007,2020,7,África,12,0.12305168170631665
1158,202007,2020,7,Oceanía,4,0.04101722723543889
1159,202008,2020,8,Europa,19074,96.27498485766202
1160,202008,2020,8,América del Sur,476,2.402584292348072
1161,202008,2020,8,América del Norte,146,0.7369271148798708
1162,202008,2020,8,Asia,73,0.3684635574399354
1163,202008,2020,8,África,25,0.12618614980819706
1164,202008,2020,8,Oceanía,18,0.09085402786190187
1165,202009,2020,9,Europa,9955,95.34527344124126
1166,202009,2020,9,América del Sur,319,3.05526290585193
1167,202009,2020,9,América del Norte,88,0.8428311464419117
1168,202009,2020,9,Asia,50,0.47888133320563164
1169,202009,2020,9,Oceanía,15,0.1436643999616895
1170,202009,2020,9,África,14,0.13408677329757687
1171,202010,2020,10,Europa,6089,94.87379245870987
1172,202010,2020,10,América del Sur,172,2.679962605172951
1173,202010,2020,10,América del Norte,99,1.5425366157681522
1174,202010,2020,10,Asia,34,0.5297600498597694
1175,202010,2020,10,África,13,0.20255531318167652
1176,202010,2020,10,Oceanía,11,0.17139295730757245
1177,202011,2020,11,Europa,525,89.74358974358974
1178,202011,2020,11,América del Sur,28,4.786324786324786
1179,202011,2020,11,América del Norte,14,2.393162393162393
1180,202011,2020,11,Asia,12,2.051282051282051
1181,202011,2020,11,Oceanía,5,0.8547008547008547
1182,202011,2020,11,África,1,0.17094017094017094
1183,202012,2020,12,Europa,83,83.83838383838383
1184,202012,2020,12,Asia,9,9.090909090909092
1185,202012,2020,12,América del Sur,5,5.05050505050505
1186,202012,2020,12,América del Norte,1,1.0101010101010102
1187,202012,2020,12,Oceanía,1,1.0101010101010102
1188,202101,2021,1,Europa,54,90.0
1189,202101,2021,1,América del Sur,3,5.0
1190,202101,2021,1,América del Norte,2,3.3333333333333335
1191,202101,2021,1,Asia,1,1.6666666666666667
1192,202102,2021,2,Europa,13,92.85714285714286
1193,202102,2021,2,América del Sur,1,7.142857142857143
1194,202103,2021,3,Europa,175,90.20618556701031
1195,202103,2021,3,América del Sur,10,5.154639175257732
1196,202103,2021,3,América del Norte,5,2.577319587628866
1197,202103,2021,3,Asia,4,2.0618556701030926
1198,202104,2021,4,Europa,956,93.359375
1199,202104,2021,4,América del Sur,34,3.3203125
1200,202104,2021,4,América del Norte,25,2.44140625
1201,202104,2021,4,Asia,8,0.78125
1202,202104,2021,4,África,1,0.09765625
1203,202105,2021,5,Europa,4119,95.90221187427241
1204,202105,2021,5,América del Sur,100,2.3282887077997674
1205,202105,2021,5,América del Norte,48,1.1175785797438882
1206,202105,2021,5,Asia,23,0.5355064027939465
1207,202105,2021,5,África,4,0.09313154831199069
1208,202105,2021,5,Oceanía,1,0.023282887077997673
1209,202106,2021,6,Europa,14229,95.9862385321101
1210,202106,2021,6,América del Sur,298,2.0102536427415
1211,202106,2021,6,América del Norte,229,1.5447922288181328
1212,202106,2021,6,Asia,46,0.310307609282245
1213,202106,2021,6,África,13,0.08769562871019967
1214,202106,2021,6,Oceanía,9,0.06071235833783054
1215,202107,2021,7,Europa,32004,94.23195830757
1216,202107,2021,7,América del Norte,1094,3.2211524305862262
1217,202107,2021,7,América del Sur,629,1.8520154285546035
1218,202107,2021,7,Asia,155,0.45637900067720755
1219,202107,2021,7,África,52,0.15310779377557932
1220,202107,2021,7,Oceanía,29,0.08538703883638077
1221,202108,2021,8,Europa,41800,95.92656339644292
1222,202108,2021,8,América del Norte,793,1.8198508318990247
1223,202108,2021,8,América del Sur,718,1.6477337923121056
1224,202108,2021,8,Asia,193,0.4429145152036718
1225,202108,2021,8,África,53,0.12162937464142283
1226,202108,2021,8,Oceanía,17,0.03901319563970167
1227,202108,2021,8,Sin establecer,1,0.002294893861158921
1228,202109,2021,9,Europa,33836,90.3184475349011
1229,202109,2021,9,América del Norte,2307,6.158075968288712
1230,202109,2021,9,América del Sur,1030,2.7493793876624935
1231,202109,2021,9,Asia,212,0.5658916797907269
1232,202109,2021,9,África,47,0.12545711768945358
1233,202109,2021,9,Oceanía,31,0.08274831166751194
1234,202110,2021,10,Europa,26840,86.10843760025665
1235,202110,2021,10,América del Norte,2747,8.812961180622393
1236,202110,2021,10,América del Sur,1268,4.068014116137311
1237,202110,2021,10,Asia,238,0.7635547000320821
1238,202110,2021,10,África,39,0.12512030798845045
1239,202110,2021,10,Oceanía,38,0.12191209496310555
1240,202111,2021,11,Europa,7756,85.28700241917748
1241,202111,2021,11,América del Norte,637,7.00461842973389
1242,202111,2021,11,América del Sur,475,5.223224103804706
1243,202111,2021,11,Asia,198,2.1772597316912248
1244,202111,2021,11,África,19,0.20892896415218826
1245,202111,2021,11,Oceanía,9,0.09896635144051022
1246,202112,2021,12,Europa,1084,90.86336965632859
1247,202112,2021,12,América del Sur,40,3.352891869237217
1248,202112,2021,12,América del Norte,39,3.269069572506287
1249,202112,2021,12,Asia,22,1.8440905280804694
1250,202112,2021,12,Oceanía,5,0.4191114836546521
1251,202112,2021,12,África,3,0.2514668901927913
1252,202201,2022,1,Europa,1347,83.30241187384044
1253,202201,2022,1,América del Sur,110,6.802721088435374
1254,202201,2022,1,América del Norte,104,6.431663574520718
1255,202201,2022,1,Asia,51,3.1539888682745825
1256,202201,2022,1,Oceanía,5,0.30921459492888065
1257,202202,2022,2,Europa,1735,85.29990167158309
1258,202202,2022,2,América del Sur,152,7.472959685349066
1259,202202,2022,2,América del Norte,78,3.8348082595870205
1260,202202,2022,2,Asia,61,2.999016715830875
1261,202202,2022,2,Oceanía,5,0.24582104228121926
1262,202202,2022,2,África,3,0.14749262536873156
1263,202203,2022,3,Europa,6302,85.28894302341318
1264,202203,2022,3,América del Norte,628,8.49912031398024
1265,202203,2022,3,América del Sur,323,4.371362836649073
1266,202203,2022,3,Asia,98,1.3262958451752604
1267,202203,2022,3,África,19,0.2571389903911219
1268,202203,2022,3,Oceanía,19,0.2571389903911219
1269,202204,2022,4,Europa,29635,86.44226001225097
1270,202204,2022,4,América del Norte,2311,6.740950325234081
1271,202204,2022,4,América del Sur,1598,4.661202345185661
1272,202204,2022,4,Asia,552,1.6101274684245837
1273,202204,2022,4,Oceanía,101,0.2946066563602952
1274,202204,2022,4,África,86,0.25085319254440974
1275,202205,2022,5,Europa,37865,78.47017863804037
1276,202205,2022,5,América del Norte,5477,11.350354374766859
1277,202205,2022,5,América del Sur,3244,6.722758735027148
1278,202205,2022,5,Asia,1208,2.5034194056451278
1279,202205,2022,5,Oceanía,286,0.59269697848883
1280,202205,2022,5,África,174,0.36059186803166576
1281,202206,2022,6,Europa,47309,81.55036888919534
1282,202206,2022,6,América del Norte,6534,11.263186926842723
1283,202206,2022,6,América del Sur,2472,4.261187340550231
1284,202206,2022,6,Asia,999,1.722057505343722
1285,202206,2022,6,Oceanía,510,0.8791284561814797
1286,202206,2022,6,África,188,0.32407088188650623
1287,202207,2022,7,Europa,59466,88.26253450886098
1288,202207,2022,7,América del Norte,4805,7.131831270222935
1289,202207,2022,7,América del Sur,1721,2.554397838928964
1290,202207,2022,7,Asia,847,1.2571615163119305
1291,202207,2022,7,Oceanía,277,0.41113782764864787
1292,202207,2022,7,África,258,0.38293703802653845
1293,202208,2022,8,Europa,80892,94.23359194799748
1294,202208,2022,8,América del Norte,2040,2.3764590759767947
1295,202208,2022,8,América del Sur,1708,1.9897020106707672
1296,202208,2022,8,Asia,833,0.9703874560238578
1297,202208,2022,8,Oceanía,240,0.2795834207031523
1298,202208,2022,8,África,129,0.15027608862794437
1299,202209,2022,9,Europa,53939,81.48377545471025
1300,202209,2022,9,América del Norte,6866,10.372227929180012
1301,202209,2022,9,América del Sur,3318,5.012387455435373
1302,202209,2022,9,Asia,1126,1.7010091244183938
1303,202209,2022,9,Oceanía,642,0.9698471206719439
1304,202209,2022,9,África,305,0.4607529155840232
1305,202210,2022,10,Europa,38049,74.08871407430485
1306,202210,2022,10,América del Norte,7272,14.15998130695537
1307,202210,2022,10,América del Sur,2846,5.541708855829893
1308,202210,2022,10,Asia,2249,4.379235142923903
1309,202210,2022,10,Oceanía,693,1.3494041592024302
1310,202210,2022,10,África,247,0.48095646078355014
